rank,teamId,teamName,institution,username,totalTime,Score,problemsSolved,isWomenOnly
1,1103770,(un)retired,Indian Institute of Technology - Kanpur,icpcpr251293,4:41:45,600,6,false
2,1107907,lazy three,"International Institute of Information Technology, Hyderabad",icpcpr251752,1:54:41,500,5,false
3,1089226,TOURISTS,Indian Institute of Technology - Delhi,icpcpr251118,1:56:22,500,5,false
4,1093914,PPA-46ms,"Indian Institute of Technology, Madras",icpcpr251637,2:06:40,500,5,false
5,1092896,skill tissue,Indian Institute of Technology - Roorkee,icpcpr251430,2:13:45,500,5,false
6,1091684,Weak Testcase,IIIT-Delhi,icpcpr250683,2:19:49,500,5,false
7,1094755,hehe i do cp,Indian Institute of Technology - Roorkee,icpcpr251446,2:50:49,500,5,false
8,1093127,Waluigi,Indian Institute of Technology - Hyderabad,icpcpr251240,3:09:48,500,5,false
9,1088399,Azkaban ke Kaidi,Indian Institute of Technology - Indore,icpcpr251251,3:10:18,500,5,false
10,1087175,AC || AFK,"Indian Institute of Technology (ISM), Dhanbad",icpcpr251044,3:28:13,500,5,false
11,1083456,dinoxors,Indian Institute of Technology - Indore,icpcpr251250,3:37:35,500,5,false
12,1085289,"Nah, We'd Win","Indian Institute of Technology (ISM), Dhanbad",icpcpr251037,3:44:32,500,5,false
13,1089691,The Blasters,"Indian Institute of Technology, Madras",icpcpr251631,3:47:14,500,5,false
14,1091990,WhoCares,Indian Institute of Technology - Patna,icpcpr251392,3:53:31,500,5,false
15,1077857,Div4Maxxer,Indian Institute of Technology - Kharagpur,icpcpr251319,3:56:34,500,5,false
16,1101893,Golden Eagle,Indian Institute of Technology - Roorkee,icpcpr251447,3:58:14,500,5,false
17,1089337,assert(false),Indian Institute of Technology - Delhi,icpcpr251122,4:02:47,500,5,false
18,1109105,man.forces,Indian Institute of Technology - Varanasi,icpcpr251558,4:05:43,500,5,false
19,1092351,SpeedyGreedy,Indian Institute of Technology - Patna,icpcpr251394,4:11:27,500,5,false
20,1092208,Level,Indian Institute of Information Technology Allahabad,icpcpr250781,4:14:36,500,5,false
21,1087958,Peri Peri Fries,Indian Institute of Technology - Varanasi,icpcpr251546,4:22:12,500,5,false
22,1083210,not qualified,Indian Institute of Technology - Varanasi,icpcpr251539,4:23:57,500,5,false
23,1087145,Right Angled Triangle,VNR Vignana Jyothi Institute of Engineering & Technology,icpcpr252931,4:24:34,500,5,false
24,1092074,SegFault@IITB,Indian Institute of Technology - Bombay,icpcpr251079,4:25:52,500,5,false
25,1084711,Team Teleforces,Indian Institute of Technology - Patna,icpcpr251382,4:26:03,500,5,false
26,1097646,WA.on.pretest.4,Indian Institute of Technology - Kanpur,icpcpr251285,4:26:28,500,5,false
27,1093048,tripleH,Indian Institute of Technology - Patna,icpcpr251405,4:27:42,500,5,false
28,1085061,Namaste World,Nirma University,icpcpr252414,4:27:46,500,5,false
29,1092541,Codecrafters 2.0,Indian Institute of Technology - Indore,icpcpr251263,4:30:15,500,5,false
30,1087327,just_better,Indian Institute of Technology - Bombay,icpcpr251077,4:33:18,500,5,false
31,1115584,JAKers,Indian Institute of Technology - Guwahati,icpcpr251209,4:38:22,500,5,false
32,1089947,TuntunMausi,Indian Institute of Technology - Delhi,icpcpr251125,4:38:55,500,5,false
33,1092987,Bhole Chature,Indian Institute of Technology - Roorkee,icpcpr251439,4:43:39,500,5,false
34,1105120,ICPC**2,"International Institute of Information Technology, Hyderabad",icpcpr251746,4:47:38,500,5,false
35,1092511,Slendermen,Indian Institute of Technology - Hyderabad,icpcpr251239,4:53:17,500,5,false
36,1091685,The Sidekicks,IIIT-Delhi,icpcpr250684,4:54:27,500,5,false
37,1109149,BhhoolGaya,Indian Institute of Technology - Varanasi,icpcpr251559,4:59:51,500,5,false
38,1091467,Codeblasters,"Indian Institute of Science, Bangalore",icpcpr251026,5:01:29,500,5,false
39,1107871,Kaaju Kishmish,Indian Institute of Technology - Guwahati,icpcpr251202,5:04:55,500,5,false
40,1092540,The Segmentors,Indian Institute of Technology - Indore,icpcpr251252,5:08:25,500,5,false
41,1089684,nC3,"Indian Institute of Technology, Madras",icpcpr251628,5:09:30,500,5,false
42,1091719,BudMag,"BITS-Pilani, Goa Campus",icpcpr250279,5:13:32,500,5,false
43,1078084,CodeWarriors28,Indian Institute of Technology - Kharagpur,icpcpr251352,5:15:40,500,5,false
44,1090993,Stone,"Indian Institute of Information Technology, Lucknow",icpcpr250942,5:16:11,500,5,false
45,1080145,youwannaplay?letsplay,Indian Institute of Technology - Kharagpur,icpcpr251321,5:16:41,500,5,false
46,1093050,Triple S,Indian Institute of Technology - Kharagpur,icpcpr251331,5:19:26,500,5,false
47,1107896,aalsi teen,"International Institute of Information Technology, Hyderabad",icpcpr251751,5:25:20,500,5,false
48,1088815,icpc losers,Indian Institute of Technology - Delhi,icpcpr251112,5:26:18,500,5,false
49,1095590,struggling experts,Indian Institute of Technology - Varanasi,icpcpr251554,5:28:09,500,5,false
50,1085878,godeaters,Indian Institute of Technology - Varanasi,icpcpr251544,5:29:18,500,5,false
51,1095691,Keval Have Mercy,"International Institute of Information Technology, Hyderabad",icpcpr251742,5:32:10,500,5,false
52,1093012,Malai Chaap Extra Masala,Indian Institute of Technology - Roorkee,icpcpr251443,5:41:45,500,5,false
53,1093244,Inteqam,Indian Institute of Information Technology Allahabad,icpcpr250787,5:41:55,500,5,false
54,1108824,DICECUP,Indian Institute of Technology - Kharagpur,icpcpr251347,5:43:19,500,5,false
55,1105666,CodeAriolos,Indian Institute of Technology - Kharagpur,icpcpr251342,5:48:55,500,5,false
56,1092877,Shift Happens,Indian Institute of Technology - Roorkee,icpcpr251426,5:54:57,500,5,false
57,1086733,PretestOne,"Jadavpur University, Kolkata",icpcpr251796,5:57:56,500,5,false
58,1087876,Retirement Home,Indian Institute of Technology - Delhi,icpcpr251106,5:58:08,500,5,false
59,1105516,VOID,Indian Institute of Technology - Guwahati,icpcpr251201,6:08:36,500,5,false
60,1086441,Khokhla Ghudsawaar,International Institute of Information Technology - Bangalore,icpcpr251709,6:19:18,500,5,false
61,1101699,O(1) Ninjas,Indian Institute of Technology - Delhi,icpcpr251151,6:26:52,500,5,false
62,1087848,Depletion Maximum,Indian Institute of Information Technology Pune,icpcpr250902,6:29:18,500,5,false
63,1082135,Quadbriks,Indian Institute of Technology - Kharagpur,icpcpr251322,7:02:13,500,5,false
64,1109170,Intregity,Indian Institute of Technology - Guwahati,icpcpr251203,7:11:38,500,5,false
65,1089711,phirse lite lo,"Birla Institute of Technology and Science, Pilani Campus",icpcpr250340,7:14:36,500,5,false
66,1096526,cantreachCM,Indian Institute of Technology - Bombay,icpcpr251084,7:35:12,500,5,false
67,1088566,gods_aur_mai,Indian Institute of Technology - Delhi,icpcpr251109,8:12:15,500,5,false
68,1089724,APEX,Indian Institute of Technology - Bombay,icpcpr251078,1:03:52,400,4,false
69,1108589,BLANK,"Indian Institute of Information Technology, Nagpur",icpcpr250891,1:05:58,400,4,false
70,1094779,Proof_By_AC,Indian Institute of Technology - Kharagpur,icpcpr251335,1:10:32,400,4,false
71,1091335,Submit kar de,Indian Institute of Information Technology Pune,icpcpr250907,1:14:09,400,4,false
72,1078872,NewBies,IIT Bhubaneswar,icpcpr250712,1:24:51,400,4,false
73,1086429,team,International Institute of Information Technology - Bangalore,icpcpr251701,1:25:13,400,4,false
74,1083399,Random_Page,"National Institute of Technology, Warangal",icpcpr252384,1:25:56,400,4,false
75,1085916,Divine WA to AC,JIS University,icpcpr251779,1:26:52,400,4,false
76,1088141,hope_is_np_hard,Veermata Jijabai Technological Institute,icpcpr252962,1:30:17,400,4,false
77,1081865,Campa_Cola,Indian Institute of Technology - Varanasi,icpcpr251568,1:32:01,400,4,false
78,1082223,Can't Decide A Name,COEP Technological University,icpcpr250399,1:33:29,400,4,false
79,1079304,The Holy Trie-Nity,IIT Bhubaneswar,icpcpr250701,1:35:51,400,4,false
80,1089679,DiceStraw,"Indian Institute of Technology, Madras",icpcpr251627,1:38:18,400,4,false
81,1099585,mathforces,Indian Institute of Technology - Delhi,icpcpr251148,1:38:52,400,4,false
82,1093111,Segment Three,DJ Sanghvi College of Engineering,icpcpr250482,1:39:07,400,4,false
83,1102272,attempt[-1],Indian Institute of Technology - Mandi,icpcpr251369,1:39:07,400,4,false
84,1091878,SHAN,Indian Institute of Technology Goa,icpcpr251600,1:40:13,400,4,false
85,1092207,LAL Fund,Indian Institute of Information Technology Allahabad,icpcpr250780,1:42:11,400,4,false
86,1091728,JMD1,"BITS-Pilani, Goa Campus",icpcpr250283,1:42:23,400,4,false
87,1088943,The Last Iteration,Indian Institute of Technology - Delhi,icpcpr251114,1:42:34,400,4,false
88,1092273,Sea++,"Dhirubhai Ambani Institute of Information and Communication Technology, Gandhinagar",icpcpr250543,1:42:41,400,4,false
89,1092173,kzzouka,"Birla Institute of Technology and Science, Pilani Campus",icpcpr250351,1:43:51,400,4,false
90,1111902,Apex420,Indian Institute of Technology - Varanasi,icpcpr251562,1:44:23,400,4,false
91,1115353,EXCEPTION EXCORCISTS,Indian Institute of Technology Tirupati,icpcpr251618,1:46:03,400,4,false
92,1085159,OnlyYou,Indian Institute of Technology - Ropar,icpcpr251495,1:47:27,400,4,false
93,1092465,ACSepted,Indian Institute of Technology - Hyderabad,icpcpr251234,1:47:50,400,4,false
94,1107451,CodeWIZ,"International Institute of Information Technology, Hyderabad",icpcpr251748,1:47:55,400,4,false
95,1093522,Mayhem,Indian Institute of Technology - Kharagpur,icpcpr251334,1:49:20,400,4,false
96,1105783,Greedy,"PDPM Indian Institute of Information Technology Design & Manufacturing, Jabalpur",icpcpr252455,1:49:45,400,4,false
97,1090998,retiredx3,"Indian Institute of Information Technology, Lucknow",icpcpr250945,1:50:28,400,4,false
98,1095053,maniACs,Indian Institute of Technology - Gandhinagar,icpcpr251174,1:50:57,400,4,false
99,1078475,Heavy Treat,IIT Bhubaneswar,icpcpr250710,1:52:43,400,4,false
100,1088119,Maa Anjaneya,"Institute of Engineering & Technology, Lucknow",icpcpr251682,1:52:48,400,4,false
101,1094972,TripleEyeTea_DMK,"Indian Institute of Information Technology Design and Manufacturing, Kurnool",icpcpr250849,1:53:15,400,4,false
102,1096512,Old Monk,"International Institute of Information Technology, Hyderabad",icpcpr251761,1:53:33,400,4,false
103,1092205,IAS-IAS,Indian Institute of Information Technology Allahabad,icpcpr250778,1:54:06,400,4,false
104,1098367,Litti Chokers,Indian Institute of Technology - Kanpur,icpcpr251288,1:54:14,400,4,false
105,1087278,Knight's Path of Victory,"Indian Institute of Technology, Madras",icpcpr251640,1:55:31,400,4,false
106,1092014,mdspan,"Indian Institute of Information Technology, Sri City, Chittoor",icpcpr250987,1:57:44,400,4,false
107,1095912,OopsWeACedIt,Indian Institute of Technology Dharwad,icpcpr251593,1:58:08,400,4,false
108,1089560,codeKarle,Indian Institute of Technology - Delhi,icpcpr251123,1:58:16,400,4,false
109,1090234,ITI_Bihta,Indian Institute of Technology - Patna,icpcpr251385,1:58:40,400,4,false
110,1092291,Eyes_e_peace_e,"Dhirubhai Ambani Institute of Information and Communication Technology, Gandhinagar",icpcpr250558,2:00:32,400,4,false
111,1084632,While(true){cry()};,Indian Institute of Technology - Varanasi,icpcpr251570,2:00:59,400,4,false
112,1076714,Tortoise_trio,"Jadavpur University, Kolkata",icpcpr251790,2:02:05,400,4,false
113,1090511,Placed,Indian Institute of Technology - Patna,icpcpr251388,2:02:36,400,4,false
114,1092508,Null nibblers,Indian Institute of Technology - Hyderabad,icpcpr251238,2:04:48,400,4,false
115,1090758,Unbesa,Indian Institute of Technology - Patna,icpcpr251389,2:05:50,400,4,false
116,1092982,blue_Blazer_Black,Indian Institute of Technology - Roorkee,icpcpr251438,2:06:09,400,4,true
117,1078087,AC Hunters,"National Institute of Technology, Silchar",icpcpr252362,2:06:11,400,4,false
118,1089727,The Return of the Fields Medalists,"Birla Institute of Technology and Science, Pilani Campus",icpcpr250345,2:09:36,400,4,false
119,1107843,miracle,"International Institute of Information Technology, Hyderabad",icpcpr251750,2:10:05,400,4,false
120,1096679,darksun69rises,Indian Institute of Technology - Kanpur,icpcpr251282,2:10:48,400,4,false
121,1110404,SayMyName,"PDPM Indian Institute of Information Technology Design & Manufacturing, Jabalpur",icpcpr252448,2:11:30,400,4,false
122,1089659,subTLE,"Indian Institute of Technology, Madras",icpcpr251642,2:13:35,400,4,false
123,1096773,Internship_reqd,Graphic Era Hill University,icpcpr250645,2:15:25,400,4,false
124,1092991,The_Benchos,Indian Institute of Technology - Roorkee,icpcpr251440,2:19:34,400,4,false
125,1085139,TBH,Indian Institute of Technology - Ropar,icpcpr251491,2:20:20,400,4,false
126,1089949,MAP,Indian Institute of Technology - Delhi,icpcpr251126,2:21:12,400,4,false
127,1108443,Cp_maniancs,Indian Institute of Technology - Guwahati,icpcpr251219,2:21:29,400,4,false
128,1086853,PurpleSector3,"Pimpri Chinchwad College of Engineering, Pune",icpcpr252488,2:21:33,400,4,false
129,1090992,APK.apk,"Indian Institute of Information Technology, Lucknow",icpcpr250941,2:21:42,400,4,false
130,1092516,SurveyCorps,"National Institute of Technology, Jamshedpur",icpcpr252323,2:23:05,400,4,false
131,1084250,PECuliar Punjabi,Punjab Engineering College Chandigarh,icpcpr252562,2:24:43,400,4,false
132,1092992,Afghani Momos,Indian Institute of Technology - Roorkee,icpcpr251463,2:25:34,400,4,false
133,1093901,postesters2,"Vellore Institute of Technology, Chennai",icpcpr252991,2:26:00,400,4,false
134,1108486,The Shawshek Garlic,Indian Institute of Technology - Bombay,icpcpr251096,2:26:13,400,4,false
135,1088817,HR,Indian Institute of Technology - Delhi,icpcpr251113,2:26:36,400,4,false
136,1086432,Wrong answer on test 2,International Institute of Information Technology - Bangalore,icpcpr251703,2:26:36,400,4,false
137,1091012,The Seniors,"Indian Institute of Information Technology, Lucknow",icpcpr250947,2:27:00,400,4,false
138,1078463,4b3r4g3,Indian Institute of Technology - Varanasi,icpcpr251567,2:27:21,400,4,false
139,1078729,ALL_IN,"Harcourt Butler Technical University, Kanpur",icpcpr250657,2:27:44,400,4,false
140,1094894,CodeKnights,Indian Institute of Technology - Kharagpur,icpcpr251357,2:28:52,400,4,false
141,1093992,System Testing 2.0,Jaipur Engineering College & Research Centre,icpcpr251826,2:29:00,400,4,false
142,1097211,yetSomeProblemsLeft,Nirma University,icpcpr252419,2:29:54,400,4,false
143,1105503,Sober,Indian Institute of Technology - Guwahati,icpcpr251214,2:29:56,400,4,false
144,1096676,return icpc;,Indian Institute of Technology - Kanpur,icpcpr251280,2:30:14,400,4,false
145,1089885,Cerberus,Indian Institute of Technology - Varanasi,icpcpr251547,2:30:26,400,4,false
146,1105513,The NAPsters,Indian Institute of Technology - Guwahati,icpcpr251199,2:33:05,400,4,false
147,1091687,taispmoiclfrbrurntshkspr,IIIT-Delhi,icpcpr250686,2:33:12,400,4,false
148,1079141,Semicolon Survivors,Pune Institute of Computer Technology,icpcpr252554,2:34:01,400,4,false
149,1078338,turing_complete666,Indian Institute of Technology - Kharagpur,icpcpr251320,2:34:09,400,4,false
150,1099393,Nap Stack,Netaji Subhas University Of Technology,icpcpr252399,2:34:15,400,4,false
151,1109758,O(n^404),Indian Institute of Technology - Kharagpur,icpcpr251349,2:35:07,400,4,false
152,1084309,KingNaitik,IIT Bhubaneswar,icpcpr250704,2:35:31,400,4,false
153,1082139,85%Attendance,National Institute of Technology Rourkela,icpcpr252236,2:35:47,400,4,false
154,1093135,Coding Mavericks,Indian Institute of Technology - Hyderabad,icpcpr251241,2:35:55,400,4,false
155,1095078,Rainforest,Netaji Subhas University Of Technology,icpcpr252396,2:35:56,400,4,false
156,1083174,Time Complexity Mafia,Motilal Nehru National Institute of Technology - Allahabad,icpcpr252112,2:36:11,400,4,false
157,1092898,AlecPendiArmy,Indian Institute of Technology - Roorkee,icpcpr251431,2:37:22,400,4,false
158,1087377,FufaCoders,Indian Institute of Information Technology Allahabad,icpcpr250772,2:38:33,400,4,false
159,1092469,SegFaultSquad,Indian Institute of Technology - Hyderabad,icpcpr251236,2:38:44,400,4,false
160,1078602,defineintll,National Institute of Technology Tiruchirappalli,icpcpr252253,2:39:40,400,4,false
161,1091691,noob_coders,IIIT-Delhi,icpcpr250688,2:40:11,400,4,false
162,1088545,Paradoxical Frenzy,Indian Institute of Technology - Delhi,icpcpr251107,2:40:36,400,4,false
163,1095074,O(3),Indian Institute of Technology - Bombay,icpcpr251082,2:40:46,400,4,true
164,1092274,DeZeeK,"Dhirubhai Ambani Institute of Information and Communication Technology, Gandhinagar",icpcpr250554,2:41:19,400,4,false
165,1105495,Brocoders,Indian Institute of Technology - Guwahati,icpcpr251188,2:42:32,400,4,false
166,1091689,subtasks here,IIIT-Delhi,icpcpr250687,2:42:49,400,4,false
167,1088080,Jetha ke Jaabaz,"PDPM Indian Institute of Information Technology Design & Manufacturing, Jabalpur",icpcpr252445,2:45:01,400,4,false
168,1092548,Chat LGPT,Indian Institute of Technology - Indore,icpcpr251255,2:46:14,400,4,false
169,1091014,Zenith,"Indian Institute of Information Technology, Lucknow",icpcpr250959,2:46:50,400,4,false
170,1094707,ByteMeSofter,"National Institute of Technology Karnataka, Surathkul",icpcpr252189,2:47:01,400,4,false
171,1095475,skill_issue,Sardar Vallabhbhai National Institute of Technology,icpcpr252670,2:47:03,400,4,false
172,1095605,MegaKnightOP,Indian Institute of Technology - Bombay,icpcpr251083,2:47:09,400,4,false
173,1089698,BogoSearchTree,"Indian Institute of Technology, Madras",icpcpr251634,2:47:50,400,4,false
174,1080775,Segment_Fault,"National Institute of Technology, Silchar",icpcpr252366,2:48:26,400,4,false
175,1084338,Car Bhavani,INDIAN INSTITUTE OF INFORMATION TECHNOLOGY RANCHI,icpcpr250732,2:49:10,400,4,false
176,1105500,Brain_limit_exceeded,Indian Institute of Technology - Guwahati,icpcpr251190,2:50:21,400,4,false
177,1092601,NAPsquad,Indian Institute of Technology - Indore,icpcpr251272,2:50:30,400,4,false
178,1103563,PAPA,Indian Institute of Technology - Guwahati,icpcpr251181,2:50:56,400,4,false
179,1087153,Sorted Array,"Indian Institute of Technology (ISM), Dhanbad",icpcpr251041,2:51:22,400,4,false
180,1088753,Underdogs,Chandigarh University,icpcpr250404,2:51:59,400,4,false
181,1098594,Cyber Sentinels,Indian Institute of Technology - Kharagpur,icpcpr251362,2:52:10,400,4,false
182,1087666,OddOneOut,INDIAN INSTITUTE OF INFORMATION TECHNOLOGY RANCHI,icpcpr250733,2:52:23,400,4,false
183,1091791,Gada Electronics,Nirma University,icpcpr252417,2:52:28,400,4,false
184,1091846,The Lazy Coders,Indian Institute of Technology Goa,icpcpr251606,2:53:19,400,4,false
185,1092450,not_this_time,The LNM Institute of Information Technology,icpcpr252891,2:53:58,400,4,false
186,1088117,Algoknights,"Institute of Engineering & Technology, Lucknow",icpcpr251681,2:54:06,400,4,false
187,1109485,elPlagio,"Indian Institute of Information Technology, Tiruchirappalli",icpcpr250921,2:54:31,400,4,false
188,1088538,cp_karo,Delhi Technological University(Formerly DCE),icpcpr250517,2:55:01,400,4,false
189,1105199,Trie Again,"Birla Institute of Technology, Mesra",icpcpr250375,2:55:14,400,4,false
190,1097649,Snack_Overflow,Indian Institute of Technology - Kanpur,icpcpr251286,2:55:23,400,4,false
191,1089686,Labubus,"Indian Institute of Technology, Madras",icpcpr251644,2:56:18,400,4,false
192,1091921,qChaltiHaiPavan,Army Institute of Technology,icpcpr250256,2:56:21,400,4,false
193,1093338,snackoverflow,Jalpaiguri Government Engineering College- Maulana Abul Kalam Azad University of Technology,icpcpr251831,2:57:08,400,4,false
194,1078659,Prime Coders,IIT Bhubaneswar,icpcpr250711,2:57:17,400,4,false
195,1090056,RuntimeTerrors,National Institute of Technology Tiruchirappalli,icpcpr252264,2:59:00,400,4,false
196,1091915,neela_hai_aasman,Army Institute of Technology,icpcpr250251,2:59:26,400,4,false
197,1088309,Delta,VNR Vignana Jyothi Institute of Engineering & Technology,icpcpr252934,2:59:59,400,4,false
198,1115607,CodeRush,Pune Institute of Computer Technology,icpcpr252553,3:00:34,400,4,false
199,1092021,#1frombits.h,"BITS-Pilani, Hyderabad Campus",icpcpr250311,3:01:19,400,4,false
200,1092972,CrossSection,Indian Institute of Information Technology Allahabad,icpcpr250799,3:02:23,400,4,false
201,1094715,O(n)ionParatha,"National Institute of Technology Karnataka, Surathkul",icpcpr252192,3:02:50,400,4,false
202,1091721,Huggiieez,"BITS-Pilani, Goa Campus",icpcpr250281,3:02:54,400,4,false
203,1095216,exeCuties,"Manipal Institute of Technology, Manipal",icpcpr252082,3:02:58,400,4,false
204,1111422,ProdDestroyer,Pranveer Singh Institute of Technology,icpcpr252530,3:02:58,400,4,false
205,1090563,Katta_Fighters,"Kalinga Institute Of Industrial Technology,Bhubaneswar",icpcpr251960,3:04:47,400,4,false
206,1092901,ByteMeHarder,Indian Institute of Technology - Roorkee,icpcpr251456,3:05:12,400,4,false
207,1091044,Chill_Guys,"Birla Institute of Technology and Science, Pilani Campus",icpcpr250350,3:05:18,400,4,false
208,1095174,Sigma,IIT Bhubaneswar,icpcpr250715,3:05:58,400,4,false
209,1097801,Compile Lords,"National Institute of Technology, Kurukshetra",icpcpr252335,3:07:06,400,4,false
210,1084310,Chole Bhature,INDIAN INSTITUTE OF INFORMATION TECHNOLOGY RANCHI,icpcpr250731,3:08:17,400,4,false
211,1082258,Codeblooded,Aditya Engineering College,icpcpr250029,3:09:41,400,4,true
212,1109634,SSD,National Institute of Technology Rourkela,icpcpr252234,3:09:53,400,4,false
213,1091897,Galvans,Nirma University,icpcpr252418,3:10:46,400,4,false
214,1093121,IseePC,Indian Institute of Technology - Varanasi,icpcpr251571,3:10:53,400,4,false
215,1111495,One_last_time,"Indian Institute of Information Technology, Lucknow",icpcpr250953,3:10:57,400,4,false
216,1096316,Fork Me Hard,Vishwakarma Institute of Technology,icpcpr253012,3:11:09,400,4,false
217,1088385,Chomsky's Disciples,Indian Institute of Technology Bhilai,icpcpr251585,3:11:30,400,4,false
218,1086442,SSL,International Institute of Information Technology - Bangalore,icpcpr251710,3:12:17,400,4,false
219,1087281,Apt,"Indian Institute of Technology, Madras",icpcpr251622,3:12:21,400,4,true
220,1085975,Code_dumped,Indian Institute of Technology - Kharagpur,icpcpr251327,3:13:05,400,4,false
221,1085102,ZetaMind,PES University,icpcpr252463,3:13:43,400,4,false
222,1082325,Ec_warriors,Motilal Nehru National Institute of Technology - Allahabad,icpcpr252108,3:13:58,400,4,false
223,1109574,Breadfirstsearch,"National Institute of Technology Karnataka, Surathkul",icpcpr252210,3:14:11,400,4,false
224,1087584,Git_gud,Indian Institute of Technology - Ropar,icpcpr251517,3:14:17,400,4,false
225,1086422,CGG,International Institute of Information Technology - Bangalore,icpcpr251698,3:14:50,400,4,false
226,1092855,Vamos,Indian Institute of Technology Goa,icpcpr251603,3:14:57,400,4,false
227,1107842,IpCp,"International Institute of Information Technology, Hyderabad",icpcpr251749,3:15:01,400,4,false
228,1094724,CP Addicts 2.0,"National Institute of Technology Karnataka, Surathkul",icpcpr252203,3:15:14,400,4,false
229,1115025,Tourist_conqueror,Indian Institute of Technology - Guwahati,icpcpr251223,3:15:23,400,4,false
230,1100741,The Trie Musketeers,Indian Institute of Technology - Kanpur,icpcpr251292,3:15:32,400,4,false
231,1086745,Code_404,"Jadavpur University, Kolkata",icpcpr251797,3:15:57,400,4,false
232,1086894,Kodars Klub,"Walchand College of Engineering, Sangli",icpcpr253030,3:16:01,400,4,false
233,1084127,Angel Coders,National Institute of Technology - Agartala,icpcpr252179,3:16:19,400,4,false
234,1090246,meow,Indian Institute of Technology - Patna,icpcpr251386,3:16:30,400,4,false
235,1078384,Ctrl-Alt-Accepted,Indian Institute of Technology - Bombay,icpcpr251088,3:16:34,400,4,false
236,1084029,std::__builtin_orz,Indian Institute of Information Technology Kottayam,icpcpr250876,3:16:37,400,4,false
237,1084038,TRIEfecta,M.S. Ramaiah Institute of Technology,icpcpr252016,3:16:43,400,4,false
238,1105505,ChaewonStans,Indian Institute of Technology - Guwahati,icpcpr251215,3:17:04,400,4,false
239,1087652,Triple_Debug,Jalpaiguri Government Engineering College- Maulana Abul Kalam Azad University of Technology,icpcpr251830,3:18:25,400,4,false
240,1088977,assert(W),Indian Institute of Technology - Delhi,icpcpr251116,3:19:04,400,4,false
241,1105490,chocolava,Indian Institute of Technology - Guwahati,icpcpr251183,3:19:19,400,4,true
242,1108619,Greedy geese,"BITS-Pilani, Goa Campus",icpcpr250291,3:19:29,400,4,false
243,1091845,A-H-A_Moment,Indian Institute of Technology Goa,icpcpr251598,3:19:47,400,4,false
244,1099580,Chill Sweats,Indian Institute of Technology - Delhi,icpcpr251128,3:19:56,400,4,false
245,1108591,Thodi Si Help,"BITS-Pilani, Goa Campus",icpcpr250290,3:20:32,400,4,false
246,1090816,Synergy,Indian Institute of Technology - Gandhinagar,icpcpr251172,3:20:36,400,4,false
247,1093327,varutha meen,"BITS-Pilani, Hyderabad Campus",icpcpr250312,3:21:15,400,4,false
248,1093919,Zerophros,Indian Institute of Technology - Patna,icpcpr251397,3:21:24,400,4,false
249,1083182,Segment Threee,Motilal Nehru National Institute of Technology - Allahabad,icpcpr252115,3:22:07,400,4,false
250,1089675,vibecoders007,"Indian Institute of Technology, Madras",icpcpr251626,3:22:23,400,4,false
251,1092312,TheStrawHats,Jaypee Institute of Information Technology,icpcpr251854,3:22:54,400,4,false
252,1114541,DDI,Indian Institute of Technology - Varanasi,icpcpr251564,3:22:57,400,4,false
253,1088966,Heart,Indian Institute of Technology - Delhi,icpcpr251115,3:22:59,400,4,false
254,1115199,DasalaMosa,"Dr. B R Ambedkar National Institute of Technology, Jalandhar",icpcpr253052,3:23:00,400,4,false
255,1096677,Reso Coders,Indian Institute of Technology - Kanpur,icpcpr251281,3:23:05,400,4,false
256,1091718,SAY My Name,"BITS-Pilani, Goa Campus",icpcpr250278,3:23:33,400,4,false
257,1079685,Team HAM,Thapar Institute of Engineering & Technology,icpcpr252876,3:24:14,400,4,false
258,1092550,NetRunners,Indian Institute of Technology - Indore,icpcpr251267,3:24:26,400,4,false
259,1086438,Sutta+Segmentation_Fault,International Institute of Information Technology - Bangalore,icpcpr251706,3:25:17,400,4,false
260,1106146,Ctrl+Alt+AC,"National Institute of Technology, Durgapur",icpcpr252298,3:27:54,400,4,false
261,1097156,3A Rated,"Indian Institute of Engineering Science and Technology, Shibpur",icpcpr250759,3:28:06,400,4,false
262,1093222,aslam bombers,Indian Institute of Information Technology Allahabad,icpcpr250785,3:28:49,400,4,false
263,1092769,JhapluPapluTaplu,Indian Institute of Technology - Patna,icpcpr251395,3:30:21,400,4,false
264,1087478,Twenchy_k_momos,Graphic Era University,icpcpr250648,3:30:30,400,4,false
265,1083161,CJython⊕,Motilal Nehru National Institute of Technology - Allahabad,icpcpr252111,3:31:46,400,4,false
266,1092481,The Lost Semicolon,"National Institute of Technology, Raipur",icpcpr252348,3:32:20,400,4,false
267,1084498,Team_Seven,Indian Institute of Technology - Varanasi,icpcpr251569,3:32:23,400,4,false
268,1107532,BROCODERS,"National Institute of Technology, Durgapur",icpcpr252306,3:32:39,400,4,false
269,1086340,Alt+F4,"Indian Institute of Technology (ISM), Dhanbad",icpcpr251039,3:33:02,400,4,false
270,1108266,OneMoreTestcase,"International Institute of Information Technology, Hyderabad",icpcpr251756,3:33:02,400,4,false
271,1095110,Brain_Limit_Exceeded,Indian Institute of Technology - Varanasi,icpcpr251553,3:33:29,400,4,false
272,1086439,DNY,International Institute of Information Technology - Bangalore,icpcpr251707,3:33:39,400,4,true
273,1089689,Mogambo_Khush_Hua,"Indian Institute of Technology, Madras",icpcpr251645,3:33:45,400,4,false
274,1114715,kuchBhi!!!,"Harcourt Butler Technical University, Kanpur",icpcpr250667,3:34:25,400,4,false
275,1102765,DSSLovers,Indian Institute of Technology - Varanasi,icpcpr251556,3:34:28,400,4,false
276,1093175,Byte me harder,"Lakshmi Narain College of Technology,Bhopal",icpcpr252008,3:34:40,400,4,false
277,1097831,Krishna,Netaji Subhas University Of Technology,icpcpr252398,3:35:23,400,4,false
278,1094800,Phoenix,Vardhaman College of Engineering,icpcpr252956,3:36:08,400,4,false
279,1092764,pata_nahi,Indian Institute of Technology - Varanasi,icpcpr251549,3:36:15,400,4,false
280,1094776,Wowwies,DJ Sanghvi College of Engineering,icpcpr250483,3:37:03,400,4,false
281,1078459,NP-Hardcore,KIET GROUP OF INSTITUTIONS,icpcpr251920,3:38:03,400,4,false
282,1092971,CodeWarriors,Indian Institute of Information Technology Allahabad,icpcpr250798,3:38:44,400,4,false
283,1090942,inJUstice league,"Jadavpur University, Kolkata",icpcpr251822,3:38:59,400,4,false
284,1087199,qqww,"Indian Institute of Technology (ISM), Dhanbad",icpcpr251046,3:39:04,400,4,false
285,1093159,ByteMe_,"Indian Institute of Information Technology, Lucknow",icpcpr250964,3:39:09,400,4,false
286,1089256,SemaphorePlayers,Indian Institute of Technology - Delhi,icpcpr251119,3:39:32,400,4,false
287,1091000,Behen Coders,"Indian Institute of Information Technology, Lucknow",icpcpr250946,3:39:41,400,4,false
288,1078095,AAA,Indian Institute of Technology - Bombay,icpcpr251076,3:40:12,400,4,false
289,1092799,Skill_limit_exceeded,Indian Institute of Technology - Indore,icpcpr251259,3:42:57,400,4,false
290,1095198,BitCode,Institute of Engineering and Technology - Devi Ahilya Univ.,icpcpr251695,3:42:58,400,4,false
291,1086338,Code-Paglu,"Indian Institute of Technology (ISM), Dhanbad",icpcpr251057,3:43:14,400,4,false
292,1086391,evils_squad,"Indian Institute of Technology (ISM), Dhanbad",icpcpr251040,3:43:30,400,4,true
293,1093049,codecrew,Indian Institute of Technology - Bombay,icpcpr251080,3:44:57,400,4,false
294,1088616,24H,"Jadavpur University, Kolkata",icpcpr251799,3:45:12,400,4,false
295,1093263,Lazy_three,Indian Institute of Information Technology Allahabad,icpcpr250790,3:45:18,400,4,false
296,1111354,project mayhem,"Indian Institute of Information Technology and Management, Gwalior",icpcpr250929,3:45:19,400,4,false
297,1115980,KleeneStar,Indian Institute of Technology Jammu,icpcpr251615,3:46:33,400,4,false
298,1092452,CP Karoge to Maroge,"National Institute of Technology, Jamshedpur",icpcpr252326,3:46:38,400,4,false
299,1096510,LazyProp,Indian Institute of Technology - Bombay,icpcpr251094,3:48:38,400,4,false
300,1097181,PSM_KKR,"National Institute of Technology, Kurukshetra",icpcpr252334,3:48:58,400,4,false
301,1095346,Terabyte,Indian Institute of Technology - Kharagpur,icpcpr251336,3:49:06,400,4,false
302,1092892,Dark Complexity,Indian Institute of Technology - Roorkee,icpcpr251429,3:49:12,400,4,false
303,1093034,Voldemort,Indian Institute of Technology - Roorkee,icpcpr251466,3:49:14,400,4,false
304,1105498,Mini-Doras,Indian Institute of Technology - Guwahati,icpcpr251212,3:49:18,400,4,false
305,1099697,Code Masters,Indian Institute of Technology - Kanpur,icpcpr251300,3:49:29,400,4,false
306,1096444,Apex,Manipal University Jaipur,icpcpr252079,3:49:51,400,4,false
307,1094711,Gold Diggers,"National Institute of Technology Karnataka, Surathkul",icpcpr252191,3:51:52,400,4,false
308,1081740,Titans,Malaviya National Institute of Technology Jaipur,icpcpr252069,3:51:54,400,4,false
309,1085197,Brain.exe Not Found,Indian Institute of Technology - Varanasi,icpcpr251541,3:52:01,400,4,false
310,1091747,Bugcoders,"Visvesvaraya National Institute of Technology, Nagpur",icpcpr253021,3:52:19,400,4,false
311,1086336,RegisThree,"Indian Institute of Technology (ISM), Dhanbad",icpcpr251038,3:52:20,400,4,false
312,1102271,SneakyGolem,Indian Institute of Technology - Mandi,icpcpr251368,3:53:03,400,4,false
313,1088382,Team - Blitz,Indian Institute of Technology Bhilai,icpcpr251583,3:53:38,400,4,false
314,1097164,CodeWitches,Indian Institute of Technology - Patna,icpcpr251419,3:53:56,400,4,true
315,1087282,Trinity,"Indian Institute of Technology, Madras",icpcpr251641,3:54:05,400,4,false
316,1104174,IISTD,IIIT-Delhi,icpcpr250690,3:54:28,400,4,false
317,1095914,Busy Beavers,Indian Institute of Technology Dharwad,icpcpr251594,3:54:32,400,4,false
318,1095180,Bit Manipulators,Bhagwan Parshuram Institute of Technology,icpcpr250334,3:54:53,400,4,false
319,1093941,Titu_lemma,Indian Institute of Technology - Patna,icpcpr251398,3:56:21,400,4,false
320,1087846,ezzWF,Indian Institute of Technology - Gandhinagar,icpcpr251171,3:57:08,400,4,false
321,1105161,I See PC,Indian Institute of Technology - Patna,icpcpr251422,3:57:37,400,4,false
322,1092324,The141,Jaypee Institute of Information Technology,icpcpr251855,3:58:00,400,4,false
323,1085516,Log N Life,Indian Institute of Technology - Ropar,icpcpr251499,3:58:13,400,4,false
324,1096723,Dior Samaaj,Indian Institute of Information Technology Guwahati,icpcpr250856,3:58:39,400,4,false
325,1089945,HeavyLightCoders,Indian Institute of Technology - Delhi,icpcpr251145,3:59:12,400,4,false
326,1076687,011coders,National Institute of Technology Tiruchirappalli,icpcpr252251,3:59:27,400,4,false
327,1092835,The Fool,Indian Institute of Technology Goa,icpcpr251601,3:59:39,400,4,false
328,1095155,Elite Coders,National Institute of Technology Rourkela,icpcpr252240,4:00:45,400,4,false
329,1093016,Idly Sambar,Indian Institute of Technology - Roorkee,icpcpr251444,4:02:10,400,4,false
330,1085418,Void main(),Government College of Engineering and Leather Technology,icpcpr250630,4:02:31,400,4,false
331,1094628,squad_levi,Indian Institute of Technology - Patna,icpcpr251400,4:03:11,400,4,false
332,1111548,men_in_blue,DJ Sanghvi College of Engineering,icpcpr250490,4:03:16,400,4,false
333,1088173,Pengu,IIT Bhubaneswar,icpcpr250705,4:03:17,400,4,false
334,1085150,HAMstack,Indian Institute of Technology - Ropar,icpcpr251493,4:03:37,400,4,false
335,1089658,sudo_rm_rf_/dreams,"Indian Institute of Technology, Madras",icpcpr251625,4:03:46,400,4,false
336,1089728,Iseepsee,"Birla Institute of Technology and Science, Pilani Campus",icpcpr250364,4:04:56,400,4,false
337,1094939,IseePCs,"K. J. Somaiya College of Engineering, Vidyavihar, Mumbai",icpcpr251899,4:05:06,400,4,false
338,1092547,Wanna_be_CMs,Indian Institute of Technology - Indore,icpcpr251254,4:05:47,400,4,false
339,1110267,Redemption,Indian Institute of Technology - Bombay,icpcpr251086,4:05:50,400,4,false
340,1091789,Savaj Coders,Nirma University,icpcpr252416,4:06:16,400,4,false
341,1101788,CODEPRO,Netaji Subhas University Of Technology,icpcpr252400,4:06:22,400,4,false
342,1092456,Eclipse,"National Institute of Technology, Jamshedpur",icpcpr252327,4:06:26,400,4,false
343,1091039,TLE Terminators,"Indian Institute of Information Technology, Lucknow",icpcpr250961,4:06:40,400,4,false
344,1089715,TimedBuffer,"Birla Institute of Technology and Science, Pilani Campus",icpcpr250362,4:07:01,400,4,false
345,1090558,Multivitamin,Indian Institute of Information Technology Pune,icpcpr250905,4:07:40,400,4,false
346,1085482,Ded_Neurons,"National Institute of Technology, Raipur",icpcpr252347,4:07:42,400,4,false
347,1095222,3 Idiots,"Indian Institute of Information Technology, Sonepat",icpcpr250973,4:07:47,400,4,false
348,1109791,MDH Masala,Indian Institute of Technology - Varanasi,icpcpr251561,4:09:10,400,4,false
349,1083175,Sanyas,Motilal Nehru National Institute of Technology - Allahabad,icpcpr252113,4:09:16,400,4,false
350,1105502,Toji ke Bhakt,Indian Institute of Technology - Guwahati,icpcpr251191,4:09:22,400,4,false
351,1108482,The_Underprepared,Indian Institute of Technology - Kharagpur,icpcpr251345,4:10:31,400,4,false
352,1083748,3-Byte,Pandit Deendayal Energy University,icpcpr252475,4:10:45,400,4,false
353,1093292,Tech_Pulse,Indian Institute of Information Technology Pune,icpcpr250908,4:11:28,400,4,false
354,1088490,HashSlayers,Indian Institute of Technology - Delhi,icpcpr251134,4:11:32,400,4,false
355,1108441,Sol Invictus,Indian Institute Of Technology Jodhpur,icpcpr250753,4:11:46,400,4,true
356,1091688,Failedpretest2,IIIT-Delhi,icpcpr250691,4:12:10,400,4,false
357,1097976,Tractor,Indian Institute of Technology - Guwahati,icpcpr251179,4:12:10,400,4,false
358,1092970,"1,331",Indian Institute of Technology - Roorkee,icpcpr251437,4:12:32,400,4,false
359,1089271,mask,Indian Institute of Technology - Delhi,icpcpr251139,4:12:33,400,4,false
360,1092285,teamovercooked,"Dhirubhai Ambani Institute of Information and Communication Technology, Gandhinagar",icpcpr250549,4:12:50,400,4,false
361,1108268,SeriousTableFlip,IIT Bhubaneswar,icpcpr250709,4:13:29,400,4,false
362,1091992,O(NO),Atal Bihari Vajpayee-Indian Institute of Information Technology and Management Gwalior,icpcpr250261,4:13:55,400,4,false
363,1105941,Divide & Conquerors,"Walchand College of Engineering, Sangli",icpcpr253033,4:14:33,400,4,false
364,1096911,ChanduKeChaCha,Indian Institute of Technology - Kanpur,icpcpr251283,4:16:06,400,4,false
365,1087126,Bogosorters,International Institute of Information Technology - Bangalore,icpcpr251713,4:16:36,400,4,false
366,1093903,Brahmastra,The LNM Institute of Information Technology,icpcpr252897,4:17:31,400,4,false
367,1103951,Lost&Found,"National Institute of Technology, Jamshedpur",icpcpr252325,4:18:10,400,4,false
368,1085146,The Gambler's Ruin,Indian Institute of Technology - Ropar,icpcpr251492,4:19:39,400,4,false
369,1088006,O(n),Jaypee Institute of Information Technology,icpcpr251853,4:21:15,400,4,false
370,1093275,Team Skyfall,Sardar Patel Institute of Technology,icpcpr252663,4:21:39,400,4,false
371,1086328,3SumCoders,"Indian Institute of Technology (ISM), Dhanbad",icpcpr251056,4:21:43,400,4,false
372,1087922,CodeBreakers,INDIAN INSTITUTE OF INFORMATION TECHNOLOGY BHAGALPUR,icpcpr250723,4:22:13,400,4,false
373,1093443,aloo puri,Indian Institute of Technology - Kharagpur,icpcpr251333,4:22:52,400,4,false
374,1088904,icey peicy,Chandigarh University,icpcpr250405,4:23:31,400,4,false
375,1094698,Catch The Hackers,Sri Sivasubramaniya Nadar College of Engineering,icpcpr252820,4:24:44,400,4,false
376,1089811,Randomizers,"Birla Institute of Technology and Science, Pilani Campus",icpcpr250348,4:24:51,400,4,false
377,1093218,Kitimunchuz,Indian Institute of Technology - Kharagpur,icpcpr251332,4:27:16,400,4,false
378,1115333,Buggy_Coders,"Harcourt Butler Technical University, Kanpur",icpcpr250668,4:28:24,400,4,false
379,1093176,Tech Team,**Institute Name to be defined,icpcpr252708,4:28:35,400,4,false
380,1111379,coderxcoder,Indian Institute of Technology - Varanasi,icpcpr251574,4:28:38,400,4,false
381,1095275,usingNamespace,IIT Bhubaneswar,icpcpr250707,4:29:01,400,4,false
382,1085655,TriHashers,"National Institute of Engineering, Mysore",icpcpr252170,4:29:04,400,4,false
383,1085182,GreedyBits,IIIT Vadodara,icpcpr250673,4:29:07,400,4,false
384,1094303,XNOR,Indian Institute of Technology - Patna,icpcpr251399,4:29:42,400,4,false
385,1086642,Code Alchemy,Thapar Institute of Engineering & Technology,icpcpr252872,4:30:40,400,4,false
386,1089633,Offbyone,National Institute of Technology Tiruchirappalli,icpcpr252261,4:33:04,400,4,false
387,1080281,WAonPretest1,Dayananda Sagar College of Engineering,icpcpr250511,4:33:25,400,4,false
388,1109784,Bit.musketeers,"PDPM Indian Institute of Information Technology Design & Manufacturing, Jabalpur",icpcpr252458,4:34:15,400,4,false
389,1095022,Three Musketeers,Indira Gandhi Delhi Technical University for Women,icpcpr251668,4:34:27,400,4,true
390,1092458,Mephistree,"National Institute of Technology, Jamshedpur",icpcpr252322,4:34:38,400,4,false
391,1092136,Power of 3,Indian Institute of Information Technology Allahabad,icpcpr250776,4:36:34,400,4,false
392,1089678,Bellman's Baingan,"Indian Institute of Technology, Madras",icpcpr251643,4:36:51,400,4,false
393,1096049,The_Rook,Indian Institute of Technology - Kharagpur,icpcpr251338,4:37:07,400,4,false
394,1085252,NP Complete,National Institute of Technology Rourkela,icpcpr252227,4:37:14,400,4,false
395,1093719,2b||!2b,"Indian Institute of Information Technology, Dharwad",icpcpr250932,4:38:32,400,4,false
396,1091026,Last_dance,"Indian Institute of Information Technology, Lucknow",icpcpr250949,4:38:38,400,4,false
397,1093510,IceCream,"PDPM Indian Institute of Information Technology Design & Manufacturing, Jabalpur",icpcpr252451,4:39:09,400,4,false
398,1079568,Golu,"Indian Institute of Information Technology and Management, Gwalior",icpcpr250925,4:39:35,400,4,false
399,1114105,Kaju Katli,"National Institute of Technology, Calicut",icpcpr252293,4:39:37,400,4,false
400,1105910,Team Terravision,National Institute of Technology Rourkela,icpcpr252233,4:40:24,400,4,false
401,1085125,TernaryCoders,Indian Institute of Technology - Kharagpur,icpcpr251325,4:40:46,400,4,false
402,1114575,APKs,The LNM Institute of Information Technology,icpcpr252893,4:40:49,400,4,false
403,1086445,Omniscient Nemesis,International Institute of Information Technology - Bangalore,icpcpr251717,4:41:07,400,4,false
404,1111214,Lords of the North,"National Institute of Technology, Patna",icpcpr252340,4:42:02,400,4,false
405,1081100,While(true) {TLE;},"Bundelkhand Institute of Engineering & Technology, Jhansi",icpcpr250392,4:42:35,400,4,false
406,1096396,status202,"Indian Institute of Information Technology and Management, Gwalior",icpcpr250927,4:43:06,400,4,false
407,1099699,steamyfish,Indian Institute of Technology - Kanpur,icpcpr251289,4:43:22,400,4,false
408,1087789,Not_ChatGPT,"Indian Institute of Technology (ISM), Dhanbad",icpcpr251048,4:43:25,400,4,false
409,1107933,S3,"International Institute of Information Technology, Hyderabad",icpcpr251753,4:43:25,400,4,false
410,1088708,Shadow Coders,Indian Institute of Technology - Ropar,icpcpr251520,4:44:33,400,4,false
411,1091720,codeforcespaglu,"BITS-Pilani, Goa Campus",icpcpr250280,4:45:31,400,4,false
412,1100736,TrieHard,Indian Institute of Technology - Kanpur,icpcpr251291,4:48:46,400,4,false
413,1092995,DuckTape,Indian Institute of Technology - Roorkee,icpcpr251464,4:50:04,400,4,false
414,1086739,Brain_Hit_Bandits,Motilal Nehru National Institute of Technology - Allahabad,icpcpr252117,4:50:52,400,4,false
415,1086428,Sigma Interpolation,International Institute of Information Technology - Bangalore,icpcpr251715,4:53:25,400,4,false
416,1089631,Chokers,Punjab Engineering College Chandigarh,icpcpr252563,4:54:42,400,4,false
417,1115539,HEXA,Shiv Nadar University,icpcpr252731,4:54:51,400,4,true
418,1085246,Pixentropy,"Jadavpur University, Kolkata",icpcpr251794,4:55:32,400,4,false
419,1092675,O(infinity),"National Institute of Technology, Kurukshetra",icpcpr252333,4:56:08,400,4,false
420,1083041,Autistic,JSS Academy of Technical Education Noida,icpcpr251780,4:56:11,400,4,false
421,1093916,BAR TEAM,"Indian Institute of Technology, Madras",icpcpr251647,4:56:47,400,4,false
422,1081093,WA till TLE,"University Institute of Engineering and Technology, Panjab University",icpcpr252910,4:59:55,400,4,false
423,1092505,Ackermans,VNR Vignana Jyothi Institute of Engineering & Technology,icpcpr252936,5:00:12,400,4,false
424,1105507,BitShifters,Indian Institute of Technology - Guwahati,icpcpr251194,5:00:13,400,4,false
425,1081097,Panic,IIT Bhubaneswar,icpcpr250702,5:00:24,400,4,false
426,1078472,CodeStorm,Nirma University,icpcpr252422,5:01:02,400,4,false
427,1093878,The_Debuggers,"Dhirubhai Ambani Institute of Information and Communication Technology, Gandhinagar",icpcpr250551,5:01:26,400,4,false
428,1108555,Batti 15,Indian Institute of Technology - Kanpur,icpcpr251294,5:01:58,400,4,false
429,1091643,vorp,Veermata Jijabai Technological Institute,icpcpr252965,5:02:04,400,4,false
430,1095335,nerf minors,Indian Institute of Technology - Patna,icpcpr251409,5:02:39,400,4,false
431,1105673,Schrodinger's Bug,Chandigarh University,icpcpr250410,5:02:44,400,4,false
432,1102273,exHAM,Indian Institute of Technology - Mandi,icpcpr251370,5:03:29,400,4,false
433,1109613,Team Stark,"National Institute of Technology Karnataka, Surathkul",icpcpr252212,5:03:45,400,4,false
434,1088682,ZeroDay,"Indian Institute of Information Technology, Una",icpcpr251017,5:03:46,400,4,false
435,1105107,nith coders,"National Institute of Technology, Hamirpur",icpcpr252316,5:03:52,400,4,false
436,1095730,HeapsDontLie,"International Institute of Information Technology, Hyderabad",icpcpr251744,5:03:58,400,4,false
437,1086293,ICPC<<3,"Vellore Institute of Technology, Chennai",icpcpr252994,5:04:03,400,4,false
438,1091922,Challenge_accepted,Army Institute of Technology,icpcpr250257,5:05:32,400,4,false
439,1087191,TLEpathy,"Indian Institute of Technology (ISM), Dhanbad",icpcpr251045,5:05:39,400,4,false
440,1092919,MONOTONIC STACK,Indian Institute of Technology - Roorkee,icpcpr251458,5:07:54,400,4,false
441,1089954,Bread First Search,Indian Institute of Technology - Delhi,icpcpr251146,5:08:03,400,4,true
442,1087647,threesixnine,Jalpaiguri Government Engineering College- Maulana Abul Kalam Azad University of Technology,icpcpr251829,5:09:21,400,4,false
443,1102279,Trietanic,Indian Institute of Technology - Mandi,icpcpr251374,5:09:36,400,4,false
444,1093509,Term2,"PDPM Indian Institute of Information Technology Design & Manufacturing, Jabalpur",icpcpr252450,5:10:05,400,4,false
445,1088544,TeamSOIT,Rajiv Gandhi Proudyogiki Vishwavidyalaya,icpcpr252592,5:10:35,400,4,false
446,1085296,Paneer Butter Masala,Indian Institute of Technology - Ropar,icpcpr251497,5:11:30,400,4,false
447,1092994,MerchSortFree,Indian Institute of Technology - Roorkee,icpcpr251441,5:11:43,400,4,false
448,1103484,Global Hacker,KIET GROUP OF INSTITUTIONS,icpcpr251922,5:11:51,400,4,false
449,1089666,Penguins,Indian Institute of Technology - Ropar,icpcpr251522,5:12:21,400,4,false
450,1078111,Team X-Force,"Pimpri Chinchwad College of Engineering, Pune",icpcpr252503,5:12:44,400,4,false
451,1092283,Check_Karo,"Dhirubhai Ambani Institute of Information and Communication Technology, Gandhinagar",icpcpr250547,5:14:08,400,4,false
452,1085156,kuch_bhi_rakhdo,Indian Institute of Technology - Ropar,icpcpr251512,5:14:13,400,4,false
453,1086040,Kal_Batayenge,Rishihood University,icpcpr252602,5:15:23,400,4,false
454,1115526,Team Name Not Found,"Indian Institute of Information Technology, Tiruchirappalli",icpcpr250922,5:15:54,400,4,false
455,1088231,SetBits111,"Ajay Kumar Garg Engineering College, Ghaziabad",icpcpr250040,5:16:21,400,4,false
456,1081387,iitLongowal,Sant Longowal Institute of Engineering and Technology,icpcpr252653,5:16:35,400,4,false
457,1085202,10WalaBiscuitKaPacket,Indian Institute of Technology - Kharagpur,icpcpr251326,5:17:36,400,4,false
458,1093246,Semicolon,Indian Institute of Information Technology Allahabad,icpcpr250788,5:18:53,400,4,false
459,1086435,Cifrar,International Institute of Information Technology - Bangalore,icpcpr251705,5:19:31,400,4,false
460,1096166,Incompetent,IIIT Vadodara,icpcpr250676,5:20:17,400,4,false
461,1096149,langchain,Manav Rachna International Institute of Research and Studies,icpcpr252077,5:20:39,400,4,false
462,1090772,code_forces,Maharaja Agrasen Institute of Technology,icpcpr252059,5:20:54,400,4,false
463,1110747,Aspiring_chocker,Indian Institute of Technology - Indore,icpcpr251275,5:20:58,400,4,false
464,1094956,N_Cube,Pandit Deendayal Energy University,icpcpr252473,5:21:49,400,4,false
465,1104308,Big O(aNan),Indian Institute of Technology - Kharagpur,icpcpr251363,5:22:14,400,4,false
466,1109594,Fast & Curious,"National Institute of Technology Karnataka, Surathkul",icpcpr252195,5:25:07,400,4,false
467,1104752,"616,263",VNR Vignana Jyothi Institute of Engineering & Technology,icpcpr252941,5:25:15,400,4,false
468,1108291,tutorialClass,Indian Institute of Technology - Kharagpur,icpcpr251344,5:25:38,400,4,false
469,1092848,CodeClan,National Institute of Technology - Agartala,icpcpr252180,5:26:10,400,4,false
470,1087284,AJH_Code_X,"Indian Institute of Technology, Madras",icpcpr251624,5:26:14,400,4,false
471,1089720,CtrlC_CtrlV,"Birla Institute of Technology and Science, Pilani Campus",icpcpr250344,5:26:45,400,4,false
472,1111252,cp_peeps,Veermata Jijabai Technological Institute,icpcpr252978,5:27:48,400,4,false
473,1095112,Bit Maskers,National Institute of Technology Rourkela,icpcpr252239,5:28:13,400,4,false
474,1086007,O(n!),National Institute of Technology Tiruchirappalli,icpcpr252258,5:28:51,400,4,false
475,1094883,MemoryMisers,Indian Institute of Technology Dharwad,icpcpr251592,5:29:04,400,4,false
476,1095737,Codus Maximus,"International Institute of Information Technology, Hyderabad",icpcpr251757,5:29:05,400,4,false
477,1093079,Bhondu,Indian Institute Of Technology Jodhpur,icpcpr250748,5:29:35,400,4,false
478,1094705,Smash goats,"National Institute of Technology Karnataka, Surathkul",icpcpr252199,5:30:38,400,4,false
479,1081769,CrystaLMatH,Indian Institute Of Technology Jodhpur,icpcpr250742,5:33:25,400,4,false
480,1087333,BLWs,Jaypee Institute of Information Technology,icpcpr251850,5:33:49,400,4,false
481,1092451,GoaTed,"National Institute of Technology, Jamshedpur",icpcpr252318,5:34:40,400,4,false
482,1093237,Reddys,Indian Institute of Information Technology Allahabad,icpcpr250786,5:35:34,400,4,false
483,1087249,skyforge,Indian Institute of Technology - Kharagpur,icpcpr251356,5:37:34,400,4,false
484,1081728,TeamNAS,Thapar Institute of Engineering & Technology,icpcpr252871,5:38:48,400,4,false
485,1092457,Recurves,"National Institute of Technology, Jamshedpur",icpcpr252321,5:39:32,400,4,false
486,1096674,sea_plus_plus,Indian Institute of Technology - Kanpur,icpcpr251297,5:41:11,400,4,false
487,1115282,Mahakal,"National Institute of Technology, Raipur",icpcpr252351,5:41:56,400,4,false
488,1082328,SMH,Indian Institute of Technology - Kharagpur,icpcpr251354,5:41:59,400,4,false
489,1114537,Kashmir Coders,"National Institute of Technology, Srinagar",icpcpr252383,5:46:15,400,4,false
490,1095311,Byte Coders,Indian Institute of Information Technology Guwahati,icpcpr250860,5:47:49,400,4,false
491,1080352,cpholic,Indira Gandhi Delhi Technical University for Women,icpcpr251669,5:48:31,400,4,true
492,1088225,Game of Nodes,Indian Institute of Technology - Ropar,icpcpr251518,5:48:33,400,4,false
493,1091714,divided by zero,"BITS-Pilani, Goa Campus",icpcpr250276,5:55:35,400,4,false
494,1089269,AfterHours,Indian Institute of Technology - Delhi,icpcpr251121,5:57:24,400,4,false
495,1094066,HAYstack,Indian Institute of Technology - Patna,icpcpr251407,5:57:39,400,4,false
496,1086444,WA_on_test_69,International Institute of Information Technology - Bangalore,icpcpr251712,5:58:07,400,4,false
497,1108978,Brains 404,Pune Institute of Computer Technology,icpcpr252552,5:59:24,400,4,false
498,1078653,solved by mistake,"Jadavpur University, Kolkata",icpcpr251820,5:59:25,400,4,false
499,1108390,Coderangers,VNR Vignana Jyothi Institute of Engineering & Technology,icpcpr252947,6:03:14,400,4,false
500,1091988,Aubergine,"National Institute of Technology, Hamirpur",icpcpr252315,6:05:55,400,4,false
501,1095358,Burning_Tree,Chandigarh University,icpcpr250406,6:06:13,400,4,false
502,1090053,Delta_Force,National Institute of Technology Tiruchirappalli,icpcpr252263,6:06:21,400,4,false
503,1104608,12 inches,"Jadavpur University, Kolkata",icpcpr251814,6:08:20,400,4,false
504,1105501,Heavy Dong Expansion,Indian Institute of Technology - Guwahati,icpcpr251213,6:08:31,400,4,false
505,1076566,Fullmetal Coders,VIT Bhopal University,icpcpr252922,6:09:04,400,4,false
506,1091378,Stacklash,Madan Mohan Malaviya University of Technology,icpcpr252038,6:10:20,400,4,false
507,1089551,Monty_Hall,Indian Institute of Technology - Delhi,icpcpr251142,6:10:58,400,4,false
508,1096059,3 musketeers,"International Institute of Information Technology, Hyderabad",icpcpr251758,6:11:04,400,4,true
509,1081108,"10,011",Thapar Institute of Engineering & Technology,icpcpr252879,6:12:09,400,4,false
510,1097001,npc,Indian Statistical Institute,icpcpr251664,6:12:33,400,4,false
511,1078083,Zerobit,"National Institute of Technology, Silchar",icpcpr252361,6:13:28,400,4,false
512,1102955,All_Accepted,National Institute of Technology Rourkela,icpcpr252231,6:13:55,400,4,false
513,1091744,OSgrp12___,"BITS-Pilani, Goa Campus",icpcpr250286,6:14:03,400,4,false
514,1086981,JMD,Graphic Era University,icpcpr250646,6:18:47,400,4,false
515,1086447,JOYBOY,"Institute of Engineering & Technology, Lucknow",icpcpr251678,6:22:36,400,4,false
516,1107814,The Underdogs,Indian Institute of Technology - Delhi,icpcpr251130,6:23:13,400,4,false
517,1085932,Winners,BIT Mesra - Deoghar Campus,icpcpr250272,6:24:24,400,4,false
518,1086830,Jaati Ratnaalu,Indian Institute of Technology - Kharagpur,icpcpr251328,6:25:34,400,4,false
519,1092259,Badam Shake,"Dhirubhai Ambani Institute of Information and Communication Technology, Gandhinagar",icpcpr250552,6:27:34,400,4,false
520,1077285,STUCKED_IN_TLE,Raj Kumar Goel Institute of Technology,icpcpr252580,6:32:21,400,4,false
521,1088371,Leechere,Indian Institute of Technology Bhilai,icpcpr251587,6:32:55,400,4,false
522,1115881,Ice22,"Indian Institute of Information Technology, Una",icpcpr251021,6:38:02,400,4,false
523,1109978,Gareebrathz,"PDPM Indian Institute of Information Technology Design & Manufacturing, Jabalpur",icpcpr252447,6:42:59,400,4,false
524,1087193,NoScope,"Indian Institute of Technology (ISM), Dhanbad",icpcpr251061,6:46:45,400,4,false
525,1104288,Saundarya Sabun,Nirma University,icpcpr252429,6:48:15,400,4,false
526,1085066,Himalayan Cyphers,"National Institute of Technology, Hamirpur",icpcpr252314,6:48:30,400,4,false
527,1097278,Ryu,Ajeenkya DY Patil University,icpcpr250055,6:50:57,400,4,false
528,1091917,Enjvoyers,Army Institute of Technology,icpcpr250252,6:54:06,400,4,false
529,1093137,Don't Know,Indian Institute of Technology - Hyderabad,icpcpr251247,6:54:11,400,4,false
530,1115255,Infinity159,"National Institute of Technology, Hamirpur",icpcpr252187,6:57:29,400,4,false
531,1096704,ENIAC,Indian Institute of Technology - Patna,icpcpr251415,7:01:12,400,4,false
532,1087853,Sechs_Zoll,Motilal Nehru National Institute of Technology - Allahabad,icpcpr252124,7:10:02,400,4,false
533,1095515,herbrand_theory,Indian Institute of Technology - Bombay,icpcpr251091,7:10:06,400,4,true
534,1103615,SNRCoders,"National Institute of Technology, Raipur",icpcpr252355,7:17:10,400,4,false
535,1080844,RawEnCode,"Jadavpur University, Kolkata",icpcpr251806,7:20:33,400,4,false
536,1091282,AlreadyQualified,"Indian Institute of Information Technology, Nagpur",icpcpr250889,7:23:26,400,4,false
537,1094998,"1,984",Indian Institute of Technology - Roorkee,icpcpr251467,7:33:03,400,4,false
538,1094020,asm_coders,"BITS-Pilani, Hyderabad Campus",icpcpr250314,7:43:34,400,4,false
539,1085303,Mirror,Indian Institute of Technology - Ropar,icpcpr251498,7:46:19,400,4,false
540,1112313,Prime Vector,"Dr. B R Ambedkar National Institute of Technology, Jalandhar",icpcpr250564,7:46:48,400,4,false
541,1099595,Zarapura Trio,Indian Institute of Technology - Delhi,icpcpr251149,7:47:15,400,4,false
542,1105491,ASQM-IITG,Indian Institute of Technology - Guwahati,icpcpr251184,7:53:01,400,4,false
543,1095262,Eigensquad,Indian Institute of Technology - Kharagpur,icpcpr251358,7:54:47,400,4,false
544,1085293,No one,"Indian Institute of Technology (ISM), Dhanbad",icpcpr251052,8:00:35,400,4,false
545,1096440,D3CODER,"Indian Institute of Information Technology, Tiruchirappalli",icpcpr251000,8:04:22,400,4,false
546,1103930,3LogN,"Gayatri Vidya Parishad College of Engineering, Visakhapatnam",icpcpr250624,8:14:11,400,4,false
547,1085169,brahmos,Indian Institute of Information Technology Manipur,icpcpr250918,8:17:35,400,4,true
548,1108173,PlusUltra07,Pranveer Singh Institute of Technology,icpcpr252529,8:26:14,400,4,false
549,1112743,Hello World,"National Institute of Technology, Warangal",icpcpr252388,8:41:26,400,4,false
550,1087803,404NotFound,"Indian Institute of Technology (ISM), Dhanbad",icpcpr251065,8:43:22,400,4,false
551,1095353,TUV,Indian Institute of Technology - Patna,icpcpr251411,8:49:48,400,4,false
552,1082596,#6f5b4d #be8e6e #9c735f,Chennai Mathematical Institute,icpcpr250469,9:05:26,400,4,false
553,1091407,Simple_Learners,Maulana Azad National Institute of Technology Bhopal,icpcpr252096,9:58:26,400,4,false
554,1082271,Athree50,Thapar Institute of Engineering & Technology,icpcpr252880,10:04:46,400,4,false
555,1078942,AAA_s,"National Institute of Technology, Patna",icpcpr252342,10:35:20,400,4,false
556,1080097,Prime Numbers,Shri Guru Gobind Singhji Institute of Engineering and Technology,icpcpr252741,11:52:48,400,4,false
557,1115082,JaiZubeenDa,Indian Institute of Technology - Guwahati,icpcpr251224,13:24:28,400,4,false
558,1083746,turing_complete_v2,Indian Institute of Technology - Kharagpur,icpcpr251323,0:27:04,300,3,false
559,1092453,7:59 pm,"National Institute of Technology, Jamshedpur",icpcpr252319,0:28:18,300,3,false
560,1082337,Why_are_you_grey,"National Institute of Technology, Kurukshetra",icpcpr252332,0:34:01,300,3,false
561,1093882,berozgar_parivaar,Indian Institute of Technology - Patna,icpcpr251396,0:34:03,300,3,false
562,1095011,ByTe_BanDits,Indian Institute of Technology - Roorkee,icpcpr251468,0:34:04,300,3,false
563,1091217,Kache Aam,Indian Institute of Information Technology Kota,icpcpr250865,0:38:02,300,3,false
564,1114573,Depth_last_search,Indian Institute of Technology - Guwahati,icpcpr251208,0:38:03,300,3,false
565,1091686,Codebusters,IIIT-Delhi,icpcpr250685,0:39:28,300,3,true
566,1092886,Laila,Indian Institute of Technology - Roorkee,icpcpr251428,0:39:47,300,3,false
567,1098408,Prob2AC,Indian Institute of Technology - Gandhinagar,icpcpr251176,0:40:01,300,3,false
568,1095697,CodeBlooded_AAA,"International Institute of Information Technology, Hyderabad",icpcpr251743,0:40:20,300,3,false
569,1080805,SARcode,Indian Institute of Technology - Kharagpur,icpcpr251353,0:41:04,300,3,false
570,1086596,Certified Bricks,Jaypee Institute of Information Technology,icpcpr251848,0:41:50,300,3,false
571,1092792,NullPointers07,Indian Institute of Information Technology Allahabad,icpcpr250782,0:41:55,300,3,false
572,1109369,The Last Thread,"BITS-Pilani, Goa Campus",icpcpr250292,0:42:17,300,3,false
573,1089699,BetterCallMain(),"Indian Institute of Technology, Madras",icpcpr251635,0:42:46,300,3,false
574,1076686,2_idli_1_chappathi,National Institute of Technology Tiruchirappalli,icpcpr252250,0:42:58,300,3,false
575,1095321,Infinite loop,National Institute of Technology Tiruchirappalli,icpcpr252290,0:43:23,300,3,false
576,1088621,Paanwadi,Sardar Patel Institute of Technology,icpcpr252659,0:44:57,300,3,false
577,1084297,3killObytes,Indian Institute of Technology - Kharagpur,icpcpr251324,0:45:06,300,3,false
578,1115320,BamBhole,Indian Institute of Technology - Bombay,icpcpr251087,0:45:09,300,3,false
579,1085122,3M,"Vellore Institute of Technology, Chennai",icpcpr252989,0:46:10,300,3,false
580,1105508,ch_h_hc,Indian Institute of Technology - Guwahati,icpcpr251195,0:47:03,300,3,false
581,1105514,OLT,Indian Institute of Technology - Guwahati,icpcpr251200,0:47:16,300,3,false
582,1091716,CAT,"BITS-Pilani, Goa Campus",icpcpr250277,0:47:34,300,3,false
583,1092501,terminus,Indian Institute of Technology - Hyderabad,icpcpr251243,0:47:40,300,3,false
584,1093179,CtrlAltDel,**Institute Name to be defined,icpcpr252711,0:48:34,300,3,false
585,1105510,Tukka_Lag_Jaaye,Indian Institute of Technology - Guwahati,icpcpr251196,0:49:16,300,3,false
586,1109410,NP Soft,Indian Institute of Technology - Bombay,icpcpr251085,0:49:44,300,3,false
587,1102180,missingSemiColon,JECRC University,icpcpr251775,0:49:59,300,3,false
588,1082270,expected ';' before '}' token,Netaji Subhas University Of Technology,icpcpr252391,0:50:50,300,3,false
589,1094983,Ghafoor,Indian Institute of Information Technology Bhopal,icpcpr250809,0:51:48,300,3,false
590,1091035,RuntimeRDX,Indian Institute of Technology - Patna,icpcpr251391,0:52:14,300,3,false
591,1105496,Guffawed,Indian Institute of Technology - Guwahati,icpcpr251189,0:52:18,300,3,false
592,1092275,LastSecondAttempt,"Dhirubhai Ambani Institute of Information and Communication Technology, Gandhinagar",icpcpr250544,0:52:34,300,3,false
593,1094710,AlgonautsX,"National Institute of Technology Karnataka, Surathkul",icpcpr252190,0:52:47,300,3,false
594,1090023,CTRL.,Atal Bihari Vajpayee-Indian Institute of Information Technology and Management Gwalior,icpcpr250260,0:53:57,300,3,false
595,1088223,Triple OG,Indian Institute of Technology - Ropar,icpcpr251502,0:54:22,300,3,false
596,1089938,No_Clubs_Needed,"Ajay Kumar Garg Engineering College, Ghaziabad",icpcpr250034,0:55:00,300,3,false
597,1086321,Final Push,"Indian Institute of Technology (ISM), Dhanbad",icpcpr251054,0:55:01,300,3,false
598,1093172,King_Slayer,**Institute Name to be defined,icpcpr252707,0:55:17,300,3,false
599,1085198,Mandelbrots,Indian Institute of Technology - Varanasi,icpcpr251542,0:55:25,300,3,false
600,1105504,ShHaKh,Indian Institute of Technology - Guwahati,icpcpr251192,0:55:26,300,3,false
601,1109291,OreoShake,Indian Institute of Technology - Varanasi,icpcpr251560,0:56:03,300,3,false
602,1080124,OnePlusOneTen,"Jadavpur University, Kolkata",icpcpr251804,0:57:00,300,3,false
603,1086248,Last Submission,"Jaypee University of Engineering and Technology, Guna",icpcpr251894,0:57:09,300,3,false
604,1103903,Last Dance,IIIT Vadodara-International Campus Diu,icpcpr250679,0:57:11,300,3,false
605,1105493,qwerty,Indian Institute of Technology - Guwahati,icpcpr251186,0:57:37,300,3,false
606,1095525,Freaksinthesheetz,Sardar Vallabhbhai National Institute of Technology,icpcpr252678,0:58:15,300,3,false
607,1082353,Code Blitz,KIET GROUP OF INSTITUTIONS,icpcpr251933,0:58:18,300,3,false
608,1094570,AamPanna,Indian Institute of Technology - Roorkee,icpcpr251445,0:58:29,300,3,false
609,1102276,Tourist Who?,Indian Institute of Technology - Mandi,icpcpr251371,0:58:32,300,3,false
610,1078278,P&F,"Indian Institute of Engineering Science and Technology, Shibpur",icpcpr250756,0:58:53,300,3,false
611,1094772,The Fraternity,Pandit Deendayal Energy University,icpcpr252472,0:59:25,300,3,false
612,1098523,Trie Harder,**Institute Name to be defined,icpcpr252713,0:59:38,300,3,false
613,1096221,CP Lovers,"International Institute of Information Technology, Hyderabad",icpcpr251760,1:00:05,300,3,false
614,1097651,OffByOne,Indian Institute of Technology - Kanpur,icpcpr251287,1:01:55,300,3,false
615,1096912,mt19937,Indian Institute of Technology - Kanpur,icpcpr251284,1:02:11,300,3,false
616,1080280,XORcists,Dayananda Sagar College of Engineering,icpcpr250510,1:02:18,300,3,false
617,1087283,Mystery Molecules,"Indian Institute of Technology, Madras",icpcpr251623,1:02:24,300,3,false
618,1101773,Stack Overflow,"Indian Institute of Information Technology, Sonepat",icpcpr250975,1:03:42,300,3,false
619,1091871,ChillKardo,Indian Institute of Technology - Varanasi,icpcpr251548,1:04:24,300,3,false
620,1085891,ARATAS,"Jadavpur University, Kolkata",icpcpr251795,1:05:17,300,3,false
621,1086767,TrikonDrishti,Indian Institute of Technology - Patna,icpcpr251383,1:05:45,300,3,false
622,1089617,BruteForce Survivors,Indian Institute of Technology - Kharagpur,icpcpr251329,1:05:59,300,3,false
623,1105401,GDSC_RCOEM_CP,"Shri Ramdeobaba College of Engineering and Management, Nagpur",icpcpr252746,1:06:34,300,3,false
624,1088797,Optimum,Indian Institute of Technology Bhilai,icpcpr251591,1:06:44,300,3,false
625,1089867,cpaglus,International Institute of Information Technology - Naya Raipur,icpcpr251726,1:06:54,300,3,false
626,1095519,NITM,National Institute of Technology Meghalaya,icpcpr252221,1:07:10,300,3,false
627,1093267,no penality pls,Indian Institute of Information Technology Allahabad,icpcpr250791,1:07:15,300,3,false
628,1089932,void,Indian Institute of Science Education and Research Bhopal,icpcpr251023,1:07:16,300,3,false
629,1085793,theOGteam,Pandit Deendayal Energy University,icpcpr252469,1:07:34,300,3,false
630,1105063,chatur,Rishihood University,icpcpr252608,1:07:47,300,3,false
631,1083156,Hagimaru,Motilal Nehru National Institute of Technology - Allahabad,icpcpr252120,1:08:23,300,3,false
632,1085043,locho,Dharmsinh Desai Institute of Technology,icpcpr250536,1:08:45,300,3,false
633,1106044,Starks,Indian Institute of Technology - Kharagpur,icpcpr251343,1:09:23,300,3,false
634,1096759,The marvel,Chandigarh University,icpcpr250409,1:09:52,300,3,false
635,1095949,arise,RV College of Engineering,icpcpr252574,1:10:05,300,3,false
636,1096085,Dijkstra's Disciples,Indian Institute of Technology - Varanasi,icpcpr251572,1:10:12,300,3,false
637,1080741,Greedy3,Delhi Technological University(Formerly DCE),icpcpr250526,1:10:17,300,3,false
638,1092847,Algo Rhythm,Indian Institute of Technology Goa,icpcpr251602,1:10:20,300,3,false
639,1092973,Debug Divas,Indian Institute of Information Technology Allahabad,icpcpr250800,1:10:48,300,3,true
640,1091920,Noobs,Army Institute of Technology,icpcpr250255,1:11:08,300,3,false
641,1091918,PMosfeT,Army Institute of Technology,icpcpr250253,1:11:40,300,3,false
642,1086425,FullPaisaWasool,International Institute of Information Technology - Bangalore,icpcpr251699,1:13:41,300,3,false
643,1080148,RevengeOfTheFallen,"National Institute of Technology, Silchar",icpcpr252365,1:14:07,300,3,false
644,1105506,Biryani Overflow,Indian Institute of Technology - Guwahati,icpcpr251193,1:14:23,300,3,false
645,1078723,hack2win,"Gayatri Vidya Parishad College of Engineering, Visakhapatnam",icpcpr250621,1:15:29,300,3,false
646,1091847,NUKE,Indian Institute of Technology Goa,icpcpr251599,1:16:17,300,3,false
647,1100740,TheSegFaulters,Indian Institute of Technology - Kanpur,icpcpr251301,1:16:33,300,3,false
648,1085424,8Bit Errors,National Institute of Technology - Agartala,icpcpr252175,1:17:19,300,3,false
649,1091738,NEWBIES,"Indian Institute of Information Technology, Surat",icpcpr250995,1:17:22,300,3,false
650,1105082,Explorer_RJITians,Rustamji Institute of Technology,icpcpr252622,1:17:35,300,3,false
651,1092284,TheEndGamers,"Dhirubhai Ambani Institute of Information and Communication Technology, Gandhinagar",icpcpr250548,1:17:36,300,3,false
652,1089147,Team Rocket,Indian Institute of Technology - Patna,icpcpr251384,1:18:19,300,3,false
653,1082119,SAS,"Indian Institute of Information Technology, Una",icpcpr251004,1:19:02,300,3,false
654,1115140,TrieHardReloaded,Indian Institute of Technology - Bombay,icpcpr251099,1:19:02,300,3,false
655,1114269,RAG,PSG Institute of Technology and Applied Research,icpcpr252467,1:19:14,300,3,false
656,1091022,coding noobs,"Indian Institute of Information Technology, Lucknow",icpcpr250948,1:19:23,300,3,false
657,1091777,sybau,"Indian Institute of Information Technology and Management, Gwalior",icpcpr250926,1:20:31,300,3,false
658,1095052,KDK,Netaji Subhas University Of Technology,icpcpr252395,1:21:16,300,3,false
659,1091731,VersionZero,"BITS-Pilani, Goa Campus",icpcpr250285,1:21:22,300,3,true
660,1085130,WhileNezukoInBox,"Indian Institute of Technology (ISM), Dhanbad",icpcpr251036,1:21:38,300,3,false
661,1078804,BWU Coders,Brainware University,icpcpr250391,1:22:22,300,3,false
662,1093077,DoraTheDebugger,Indian Institute Of Technology Jodhpur,icpcpr250746,1:22:23,300,3,false
663,1091240,AVS,Amity University,icpcpr250084,1:23:15,300,3,false
664,1086430,Corridor,International Institute of Information Technology - Bangalore,icpcpr251702,1:23:49,300,3,false
665,1077628,Brahmaputra,"National Institute of Technology, Silchar",icpcpr252359,1:24:11,300,3,false
666,1093994,MLEGetters,Indian Institute of Technology - Bombay,icpcpr251081,1:24:13,300,3,false
667,1083177,RandomGenerator,Motilal Nehru National Institute of Technology - Allahabad,icpcpr252114,1:24:17,300,3,false
668,1086427,Potatoes,International Institute of Information Technology - Bangalore,icpcpr251700,1:24:35,300,3,false
669,1092996,TechTeam,Indian Institute of Technology - Roorkee,icpcpr251442,1:24:39,300,3,false
670,1084496,dwalthai,Indian Institute of Technology - Varanasi,icpcpr251540,1:24:58,300,3,false
671,1076489,Syntex Errorists,ITS Engineering College,icpcpr250738,1:25:42,300,3,false
672,1089690,SawantCarry,"Indian Institute of Technology, Madras",icpcpr251630,1:27:06,300,3,false
673,1089326,TEAMNOTFOUND,Indian Institute of Technology - Delhi,icpcpr251140,1:27:43,300,3,false
674,1089956,NO PPO,Indian Institute of Technology - Delhi,icpcpr251127,1:27:53,300,3,false
675,1092137,!perfect,Indian Institute of Information Technology Allahabad,icpcpr250777,1:28:06,300,3,false
676,1093271,DP_Lovers,Kamla Nehru Institute of Technology,icpcpr251969,1:28:06,300,3,false
677,1108531,TLE on CDC,Indian Institute of Technology - Kharagpur,icpcpr251346,1:28:25,300,3,false
678,1105494,paneer_lababdaar,Indian Institute of Technology - Guwahati,icpcpr251187,1:28:54,300,3,false
679,1091319,CodeBlooded_,"Indian Institute of Information Technology, Lucknow",icpcpr250951,1:29:42,300,3,false
680,1087393,PolyNomials,"Indian Institute of Technology (ISM), Dhanbad",icpcpr251047,1:30:19,300,3,false
681,1103488,PKY,PES University,icpcpr252462,1:30:22,300,3,false
682,1105439,Compile Crew,Indian Institute of Information Technology Bhopal,icpcpr250810,1:30:39,300,3,false
683,1092500,Pathfinders,Indian Institute of Technology - Hyderabad,icpcpr251237,1:30:51,300,3,false
684,1091452,Code_smugglers,Indian Institute of Information Technology Allahabad,icpcpr250774,1:31:08,300,3,false
685,1101272,Nullpointers,Indian Institute of Technology - Patna,icpcpr251420,1:31:09,300,3,false
686,1088369,Schrodinger's AC,Indian Institute of Technology Bhilai,icpcpr251579,1:31:13,300,3,false
687,1096330,Vibe_Coders,"National Institute of Technology, Raipur",icpcpr252349,1:31:18,300,3,false
688,1092814,Trie hard,Gujarat Technological University,icpcpr250651,1:31:41,300,3,false
689,1086311,Anant,Jabalpur Engineering College,icpcpr251786,1:31:45,300,3,false
690,1081352,Debug Dragons,Sri Eshwar College of Engineering,icpcpr252800,1:31:45,300,3,false
691,1089148,Uncle Bao Bao,Sardar Patel Institute of Technology,icpcpr252662,1:31:49,300,3,false
692,1085199,Impost3rs,Indian Institute of Technology - Varanasi,icpcpr251543,1:32:49,300,3,false
693,1105512,AAS_Pass,Indian Institute of Technology - Guwahati,icpcpr251198,1:33:02,300,3,false
694,1091741,Pixar,"Indian Institute of Information Technology, Surat",icpcpr250993,1:33:29,300,3,false
695,1086354,Modak,Indian Institute of Technology - Varanasi,icpcpr251545,1:33:51,300,3,false
696,1109234,APD3,Indian Institute of Technology - Guwahati,icpcpr251206,1:34:21,300,3,false
697,1092808,HumbleCoders,"K. J. Somaiya College of Engineering, Vidyavihar, Mumbai",icpcpr251898,1:34:30,300,3,false
698,1096490,Game_Changers,"Walchand College of Engineering, Sangli",icpcpr253032,1:34:48,300,3,false
699,1107867,Hermanos,"International Institute of Information Technology, Hyderabad",icpcpr251765,1:35:20,300,3,false
700,1115903,One_Direction,The LNM Institute of Information Technology,icpcpr252894,1:35:35,300,3,false
701,1091739,HOPE,"Indian Institute of Information Technology, Surat",icpcpr250992,1:36:26,300,3,false
702,1105478,DynamicTrio,VNR Vignana Jyothi Institute of Engineering & Technology,icpcpr252942,1:36:30,300,3,false
703,1094637,momentous,Indian Institute of Technology - Patna,icpcpr251402,1:36:47,300,3,false
704,1084132,1e9_plus_7,National Institute of Technology - Agartala,icpcpr252173,1:37:17,300,3,false
705,1105114,YE DP NAHI HOGA,"Birla Institute of Technology, Mesra",icpcpr250373,1:37:57,300,3,false
706,1106106,Coders of NITD,"National Institute of Technology, Durgapur",icpcpr252297,1:38:13,300,3,false
707,1109232,Pancakes,Indian Institute of Technology - Guwahati,icpcpr251205,1:38:42,300,3,false
708,1093177,we_are_doomed,**Institute Name to be defined,icpcpr252709,1:38:45,300,3,false
709,1091439,Code_Forgers,Maulana Azad National Institute of Technology Bhopal,icpcpr252093,1:38:53,300,3,false
710,1089152,queue_T_pie,Vishwakarma Institute of Technology,icpcpr253011,1:39:45,300,3,false
711,1102769,Convex coders,Indian Institute of Technology - Varanasi,icpcpr251573,1:39:53,300,3,false
712,1092277,Bit2Bytes,"Dhirubhai Ambani Institute of Information and Communication Technology, Gandhinagar",icpcpr250545,1:41:11,300,3,false
713,1091013,Div-0,"Indian Institute of Information Technology, Lucknow",icpcpr250958,1:41:26,300,3,false
714,1081062,The Invariants,Vyavsayi Vidhya Pratishthan Engineering College,icpcpr253028,1:42:24,300,3,false
715,1095516,XXXDADXXX,Sardar Vallabhbhai National Institute of Technology,icpcpr252676,1:42:28,300,3,false
716,1102269,SussyMandi,Indian Institute of Technology - Mandi,icpcpr251367,1:42:48,300,3,false
717,1092468,Nexus,Indian Institute of Technology - Hyderabad,icpcpr251235,1:42:59,300,3,false
718,1082977,TheInsignificant_Bit,"Jadavpur University, Kolkata",icpcpr251793,1:43:03,300,3,false
719,1089946,O(NP),Indian Institute of Technology - Delhi,icpcpr251124,1:43:44,300,3,false
720,1086312,T lambda,"Indian Institute of Information Technology, Una",icpcpr251007,1:44:16,300,3,false
721,1095223,XD,**Institute Name to be defined,icpcpr252717,1:44:28,300,3,false
722,1101489,Yamuna Kinare,"National institute of Technology, Uttarakhand",icpcpr252389,1:44:50,300,3,false
723,1092974,Random AF,Indian Institute of Information Technology Allahabad,icpcpr250801,1:45:01,300,3,false
724,1092923,CodeKids,Indian Institute of Technology - Roorkee,icpcpr251434,1:45:38,300,3,false
725,1085909,Silent Thrillers,National Institute of Technology Tiruchirappalli,icpcpr252257,1:45:42,300,3,true
726,1088372,Infinite Bloopers,Indian Institute of Technology Bhilai,icpcpr251581,1:46:01,300,3,false
727,1102278,AlgoCrackers,Indian Institute of Technology - Mandi,icpcpr251373,1:46:12,300,3,false
728,1092552,Invincibles,Indian Institute of Technology - Indore,icpcpr251268,1:46:15,300,3,false
729,1091880,BruteForcers,Indian Institute of Technology Goa,icpcpr251607,1:46:28,300,3,false
730,1115684,n_squared,"Indian Institute of Information Technology, Tiruchirappalli",icpcpr250923,1:47:30,300,3,false
731,1095739,Triple Ace,"PDPM Indian Institute of Information Technology Design & Manufacturing, Jabalpur",icpcpr252452,1:48:20,300,3,false
732,1110259,Pawan Sitaare,Indian Institute of Technology - Indore,icpcpr251260,1:48:38,300,3,false
733,1081810,BTech Duals,IIT Bhubaneswar,icpcpr250703,1:48:45,300,3,false
734,1105110,WannaBeLGM,"Birla Institute of Technology, Mesra",icpcpr250372,1:48:58,300,3,false
735,1080438,SIGTERM,"Harcourt Butler Technical University, Kanpur",icpcpr250658,1:49:27,300,3,false
736,1111615,TeamRocket,Vivekanand Education Society’s Institute of Technology,icpcpr253023,1:49:47,300,3,false
737,1093296,O(N),Indian Institute of Technology - Varanasi,icpcpr251551,1:50:07,300,3,false
738,1101769,Bit Wits,"Indian Institute of Information Technology, Nagpur",icpcpr250899,1:50:13,300,3,false
739,1092164,Ginger,"Indian Institute of Information Technology, Sri City, Chittoor",icpcpr250988,1:50:32,300,3,false
740,1096558,Aura Farmers,IIT Bhubaneswar,icpcpr250716,1:51:59,300,3,false
741,1095269,FinalTestCase,"Jadavpur University, Kolkata",icpcpr251811,1:52:10,300,3,false
742,1099696,Kanpur kernel,Indian Institute of Technology - Kanpur,icpcpr251299,1:52:18,300,3,false
743,1090394,Expecto Patronum,Indian Institute of Technology - Patna,icpcpr251387,1:52:41,300,3,false
744,1082865,Kuch Bhi,Indian Institute of Technology - Varanasi,icpcpr251538,1:52:50,300,3,false
745,1092366,Akshar,Delhi Skill and Entrepreneurship University Okhla-1,icpcpr250515,1:52:56,300,3,false
746,1086361,SegFault,COEP Technological University,icpcpr250400,1:54:06,300,3,false
747,1089224,Young Dumb and Broke,International Institute of Information Technology - Naya Raipur,icpcpr251724,1:54:30,300,3,false
748,1092988,bihariimmigrants,Indian Institute of Technology - Roorkee,icpcpr251462,1:55:19,300,3,false
749,1083857,weakLiLmagikarps,Motilal Nehru National Institute of Technology - Allahabad,icpcpr252116,1:55:55,300,3,false
750,1092966,TheLastRide,Indian Institute of Technology - Roorkee,icpcpr251435,1:56:26,300,3,false
751,1094670,ICPuC,Indian Institute of Technology - Varanasi,icpcpr251552,1:56:38,300,3,false
752,1096861,Code blooded,VNR Vignana Jyothi Institute of Engineering & Technology,icpcpr252938,1:56:46,300,3,false
753,1092787,Code Geass,Indian Institute of Technology - Varanasi,icpcpr251550,1:57:02,300,3,false
754,1083013,Icemen,Thapar Institute of Engineering & Technology,icpcpr252882,1:57:07,300,3,false
755,1086440,MexualAssault,International Institute of Information Technology - Bangalore,icpcpr251708,1:57:13,300,3,false
756,1104352,Greedy_Slayers,KIIT University,icpcpr251944,1:57:21,300,3,false
757,1089941,DSP,"Indian Institute of Information Technology, Una",icpcpr251011,1:57:24,300,3,false
758,1091409,Meowww,Maulana Azad National Institute of Technology Bhopal,icpcpr252089,1:57:24,300,3,false
759,1095654,"3,301",Thapar Institute of Engineering & Technology,icpcpr252874,1:57:28,300,3,false
760,1093831,Vec3,Indian Institute of Information Technology Kottayam,icpcpr250879,1:58:09,300,3,false
761,1096152,Algonauts,Vardhaman College of Engineering,icpcpr252958,1:58:09,300,3,false
762,1094378,LLMAO,Indian Institute of Technology - Patna,icpcpr251408,1:58:18,300,3,false
763,1080993,Pablo Chocobar,Thapar Institute of Engineering & Technology,icpcpr252878,1:58:48,300,3,false
764,1082498,stackOverflowed,Indira Gandhi Delhi Technical University for Women,icpcpr251670,1:58:51,300,3,true
765,1087040,BASS,Malaviya National Institute of Technology Jaipur,icpcpr252070,1:59:24,300,3,false
766,1083284,Pesticides,PES University,icpcpr252461,1:59:32,300,3,false
767,1080363,LastFight,BIT Sindri,icpcpr250273,1:59:49,300,3,false
768,1092899,CtrlAltDefeat,Indian Institute of Technology - Roorkee,icpcpr251432,1:59:53,300,3,false
769,1084610,SAKE,Ajeenkya DY Patil University,icpcpr250044,1:59:57,300,3,false
770,1111469,Try Again,"National Institute of Technology, Durgapur",icpcpr252303,2:00:01,300,3,false
771,1091184,SIGTERMS,Indian Institute of Technology - Patna,icpcpr251404,2:00:05,300,3,true
772,1101298,hamara_edge_case,Swami Vivekananda Yoga Anusandhana Samsthana,icpcpr252858,2:00:18,300,3,false
773,1085821,GreedyVPN,Shiv Nadar University Chennai,icpcpr252732,2:00:29,300,3,false
774,1109457,Brainiacs,Bangalore Institute of Technology,icpcpr250324,2:01:31,300,3,false
775,1093215,BitsNGeeks,Shri Govindram Seksaria Institute of Technology and Science,icpcpr252735,2:01:36,300,3,false
776,1094830,Algo Goblins,National Institute of Technology Delhi,icpcpr252185,2:02:15,300,3,false
777,1090974,TLE.exe,Indian Institute Of Information Technology Agartala,icpcpr250739,2:02:33,300,3,false
778,1092040,EVOKE,Delhi Technological University(Formerly DCE),icpcpr250528,2:03:09,300,3,false
779,1091826,all_we_need_is_ac,"Indian Institute of Technology, Palakkad",icpcpr251662,2:03:20,300,3,false
780,1111178,TechnoLogic,Indian Institute of Technology - Kharagpur,icpcpr251364,2:04:00,300,3,false
781,1091149,NewBies_,"Indian Institute of Information Technology, Lucknow",icpcpr250950,2:04:23,300,3,false
782,1085943,NEWBIE,Rajkiya Engineering College Sonbhadra,icpcpr252595,2:04:45,300,3,false
783,1086443,4_log_chahiye,International Institute of Information Technology - Bangalore,icpcpr251711,2:05:24,300,3,false
784,1095459,TrinityTomodachi,Indian Institute of Technology - Kharagpur,icpcpr251359,2:06:11,300,3,false
785,1092967,Doracakes,Indian Institute of Technology - Roorkee,icpcpr251436,2:07:27,300,3,false
786,1105163,Team Gojo,Indian Institute of Technology - Patna,icpcpr251423,2:08:09,300,3,false
787,1092223,Enigma,"Dhirubhai Ambani Institute of Information and Communication Technology, Gandhinagar",icpcpr250542,2:08:55,300,3,false
788,1111617,TimePass,The LNM Institute of Information Technology,icpcpr252900,2:09:18,300,3,false
789,1078579,WATOAC,"Government College of Engineering, Aurangabad, Maharashtra",icpcpr250631,2:10:06,300,3,false
790,1092206,Tri-Hard,Indian Institute of Information Technology Allahabad,icpcpr250779,2:10:09,300,3,false
791,1083149,Bellman No-Ford,Motilal Nehru National Institute of Technology - Allahabad,icpcpr252119,2:10:15,300,3,false
792,1100734,Rocks_Pirates,Indian Institute of Technology - Kanpur,icpcpr251290,2:10:34,300,3,false
793,1091064,Catalyst,International Institute of Information Technology Bhubaneswar,icpcpr251738,2:10:51,300,3,false
794,1090839,Confusion Matrix,Veermata Jijabai Technological Institute,icpcpr252963,2:11:24,300,3,false
795,1091919,Bakemono,Army Institute of Technology,icpcpr250254,2:11:39,300,3,false
796,1108738,P! City,Pune Institute of Computer Technology,icpcpr252551,2:11:49,300,3,false
797,1110108,Brute Force X2,"Indian Institute of Information Technology, Nagpur",icpcpr250893,2:12:01,300,3,false
798,1088813,TryCatchers,Indian Institute of Technology - Delhi,icpcpr251111,2:12:18,300,3,false
799,1092918,WrongAnsOnTest3,Indian Institute of Technology - Roorkee,icpcpr251433,2:12:45,300,3,false
800,1079962,CodeZilla,Delhi Technological University(Formerly DCE),icpcpr250525,2:13:06,300,3,false
801,1090830,6th Floor,Indian Institute of Technology - Patna,icpcpr251390,2:13:58,300,3,false
802,1095351,Azarus,Delhi Technological University(Formerly DCE),icpcpr250523,2:14:02,300,3,false
803,1078447,Bit Battleground,"GLA University, Mathura",icpcpr250596,2:14:03,300,3,false
804,1091410,Hunter350,Maulana Azad National Institute of Technology Bhopal,icpcpr252090,2:14:40,300,3,false
805,1081384,Q_Ni_Hori_Cp?,"Indian Institute of Technology (ISM), Dhanbad",icpcpr251035,2:14:49,300,3,false
806,1091457,Errorist,Indian Institute of Information Technology Allahabad,icpcpr250775,2:16:19,300,3,false
807,1091693,KDG,IIIT-Delhi,icpcpr250693,2:17:17,300,3,false
808,1106084,Bytemonks,"P.E.S. College of Engineering, Mandya",icpcpr252441,2:17:29,300,3,false
809,1104759,solved_0,Indian Institute of Technology - Indore,icpcpr251274,2:18:00,300,3,false
810,1091745,psp,"BITS-Pilani, Goa Campus",icpcpr250287,2:18:26,300,3,false
811,1107650,Siwei,KLE Technological University,icpcpr251957,2:18:33,300,3,false
812,1090160,Soup,"Indian Institute of Technology, Madras",icpcpr251636,2:19:07,300,3,false
813,1097233,bit ninja,Delhi Technological University(Formerly DCE),icpcpr250530,2:19:24,300,3,false
814,1115472,Trail_Blazer,National Institute of Technology Rourkela,icpcpr252244,2:19:27,300,3,false
815,1081883,SIGSEGV,"Jadavpur University, Kolkata",icpcpr251791,2:20:25,300,3,false
816,1093887,Obsidian,Indian Institute of Technology - Patna,icpcpr251406,2:20:48,300,3,false
817,1088317,Asteroid Destroyers,VNR Vignana Jyothi Institute of Engineering & Technology,icpcpr252935,2:20:54,300,3,false
818,1087159,sudo rm -rf,"Indian Institute of Technology (ISM), Dhanbad",icpcpr251060,2:21:01,300,3,false
819,1079148,Code_Optimizer,Birla Vishvakarma Mahavidyalaya Engineering College,icpcpr250390,2:21:03,300,3,false
820,1108438,Bytecode,Indian Institute of Information Technology Pune,icpcpr250910,2:21:04,300,3,false
821,1085295,Out of bounds,"Indian Institute of Technology (ISM), Dhanbad",icpcpr251053,2:21:20,300,3,false
822,1088333,Bio Hazard,Indian Institute of Technology - Bombay,icpcpr251089,2:21:56,300,3,false
823,1096261,BitSet,HALDIA INSTITUTE OF TECHNOLOGY,icpcpr250656,2:22:58,300,3,false
824,1112456,Error_420_Found,"Indian Institute of Information Technology, Lucknow",icpcpr250954,2:23:09,300,3,false
825,1082077,Cache us if you can,Sri Sivasubramaniya Nadar College of Engineering,icpcpr252816,2:23:19,300,3,false
826,1086037,Parso_Batayenge,Rishihood University,icpcpr252601,2:23:57,300,3,false
827,1095613,Totally Cooked,Indian Institute of Information Technology Kota,icpcpr250866,2:24:01,300,3,false
828,1090988,SeePee,"Indian Institute of Information Technology, Lucknow",icpcpr250940,2:24:15,300,3,false
829,1094913,wreckers,"GOVERNMENT COLLEGE OF ENGINEERING SRIRANGAM, TRICHY - 620012",icpcpr250604,2:24:43,300,3,false
830,1114565,Rudra,"Indian Institute of Information Technology, Una",icpcpr251003,2:24:48,300,3,false
831,1094804,Algoyoddhaa,Netaji Subhas University Of Technology,icpcpr252404,2:25:22,300,3,false
832,1095435,hextech,Indian Institute of Technology - Kharagpur,icpcpr251337,2:25:53,300,3,false
833,1096511,Akatsuki,Malaviya National Institute of Technology Jaipur,icpcpr252072,2:26:38,300,3,false
834,1091412,_Accepted_,Maulana Azad National Institute of Technology Bhopal,icpcpr252092,2:26:51,300,3,false
835,1109566,ParaGEN,Indian Institute of Technology - Kharagpur,icpcpr251348,2:26:54,300,3,false
836,1095939,Benders,Veermata Jijabai Technological Institute,icpcpr252969,2:27:49,300,3,false
837,1092542,Tarot Club,Indian Institute of Technology - Indore,icpcpr251264,2:28:19,300,3,false
838,1089328,Femboys,Indian Institute of Technology - Delhi,icpcpr251141,2:28:41,300,3,false
839,1092276,ParleG_Bites,"Dhirubhai Ambani Institute of Information and Communication Technology, Gandhinagar",icpcpr250555,2:28:59,300,3,false
840,1109542,EliteS,"Birla Institute of Technology, Jaipur",icpcpr250371,2:29:15,300,3,false
841,1092054,TrieHards,Delhi Technological University(Formerly DCE),icpcpr250520,2:29:34,300,3,false
842,1108590,AC rush,"BITS-Pilani, Goa Campus",icpcpr250303,2:29:39,300,3,false
843,1096304,Prime Optimizers,Jamia Milia Islamia,icpcpr251841,2:29:56,300,3,false
844,1091003,Epitome.cpp,"Indian Institute of Information Technology, Lucknow",icpcpr250957,2:30:05,300,3,false
845,1087611,WA_on_TC_2,"Jadavpur University, Kolkata",icpcpr251821,2:30:25,300,3,false
846,1091310,L-70's,Madan Mohan Malaviya University of Technology,icpcpr252037,2:31:46,300,3,false
847,1104317,Code Tapri,Sardar Patel Institute of Technology,icpcpr252664,2:32:46,300,3,false
848,1080349,Backtrackers,Pune Institute of Computer Technology,icpcpr252555,2:32:47,300,3,false
849,1091055,Mata Rani Ke Sher,"Ajay Kumar Garg Engineering College, Ghaziabad",icpcpr250036,2:33:02,300,3,false
850,1107162,short short int,"International Institute of Information Technology, Hyderabad",icpcpr251747,2:33:10,300,3,false
851,1095361,Code_Maverick,Indian Institute of Technology - Patna,icpcpr251403,2:33:16,300,3,false
852,1094793,GoDiddy,Netaji Subhas University Of Technology,icpcpr252394,2:33:17,300,3,false
853,1094474,DAR,**Institute Name to be defined,icpcpr252715,2:33:30,300,3,false
854,1091829,The NOT Operators,"Indian Institute of Science, Bangalore",icpcpr251027,2:33:33,300,3,false
855,1090557,Edge(case) Runners,Indian Institute of Information Technology Pune,icpcpr250904,2:33:50,300,3,false
856,1085108,Algo Ternary,Indian Institute of Technology - Ropar,icpcpr251510,2:34:24,300,3,true
857,1101013,Arise,VNR Vignana Jyothi Institute of Engineering & Technology,icpcpr252939,2:34:25,300,3,false
858,1114990,Quack Quack,"National Institute of Engineering, Mysore",icpcpr252172,2:34:31,300,3,false
859,1107591,SegtreePaglus,DJ Sanghvi College of Engineering,icpcpr250485,2:34:38,300,3,false
860,1078321,iostream,National Institute of Technology Tiruchirappalli,icpcpr252267,2:34:40,300,3,false
861,1091399,Karde Report,Maulana Azad National Institute of Technology Bhopal,icpcpr252086,2:35:51,300,3,false
862,1094732,Town Hall 11,"National Institute of Technology Karnataka, Surathkul",icpcpr252206,2:36:04,300,3,false
863,1077287,The Dark Knights,Coimbatore Institute of Technology,icpcpr250471,2:36:08,300,3,false
864,1094709,Bitwise,Bhagwan Parshuram Institute of Technology,icpcpr250333,2:37:23,300,3,false
865,1086849,Astros,Sri Krishna College of Engineering and Technology,icpcpr252806,2:37:35,300,3,false
866,1095079,Buzzinga,The LNM Institute of Information Technology,icpcpr252892,2:37:51,300,3,false
867,1082770,whiletruecode,National Institute of Technology Tiruchirappalli,icpcpr252256,2:38:22,300,3,false
868,1096616,DSA_IN_HTML,"Walchand College of Engineering, Sangli",icpcpr253036,2:38:49,300,3,false
869,1097400,ERROR404,"Indian Institute of Engineering Science and Technology, Shibpur",icpcpr250760,2:39:14,300,3,false
870,1092783,Flare,Indian Institute of Information Technology Manipur,icpcpr250888,2:39:53,300,3,false
871,1078936,WeCPC,Starex University,icpcpr252850,2:40:14,300,3,false
872,1089718,Aura++,"Birla Institute of Technology and Science, Pilani Campus",icpcpr250343,2:40:16,300,3,false
873,1090996,team 520,"Indian Institute of Information Technology, Lucknow",icpcpr250944,2:40:26,300,3,false
874,1094704,WrongAnswerOnTest2,"National Institute of Technology Karnataka, Surathkul",icpcpr252188,2:41:07,300,3,false
875,1095056,LosingBet,Shri Govindram Seksaria Institute of Technology and Science,icpcpr252739,2:41:13,300,3,false
876,1095333,CacheUsIfYouCan,"K. K. Wagh Institute of Engineering Education and Research, Nashik",icpcpr251910,2:41:28,300,3,false
877,1087821,Schrodinger's Cat,Pandit Deendayal Energy University,icpcpr252470,2:42:31,300,3,false
878,1083158,Vimdhayak ji ke log,Motilal Nehru National Institute of Technology - Allahabad,icpcpr252110,2:42:38,300,3,false
879,1108576,BitUnWise,"BITS-Pilani, Goa Campus",icpcpr250301,2:43:25,300,3,false
880,1089850,Ad-hoc,Vishwakarma Institute of Technology,icpcpr253016,2:43:34,300,3,false
881,1110996,La Pasion,"Institute of Engineering and Management, Calcutta",icpcpr251693,2:43:45,300,3,false
882,1112049,proxima,Indian Institute of Technology - Varanasi,icpcpr251575,2:44:14,300,3,false
883,1111215,rasmalai,"National Institute of Technology, Patna",icpcpr252341,2:44:54,300,3,false
884,1096269,SyntaxSquad,Pandit Deendayal Energy University,icpcpr252476,2:45:18,300,3,false
885,1088325,Stardust Coders,Indian Institute Of Technology Jodhpur,icpcpr250744,2:45:22,300,3,false
886,1093003,CriticalX,"Indian Institute of Information Technology, Sri City, Chittoor",icpcpr250989,2:46:14,300,3,false
887,1094798,CodeWarrior,"Indian Institute of Information Technology, Una",icpcpr251002,2:46:14,300,3,false
888,1108794,NE_Coders,"National Institute of Technology, Silchar",icpcpr252371,2:46:18,300,3,false
889,1112303,AlgoPhoenix,Indian Institute of Information Technology Kota,icpcpr250869,2:46:26,300,3,false
890,1104702,BitBitBit,Indian Institute of Technology - Patna,icpcpr251421,2:46:33,300,3,true
891,1091084,rm -rf /teams,"BITS-Pilani, Hyderabad Campus",icpcpr250308,2:46:38,300,3,false
892,1102270,jossa??,Indian Institute of Technology - Mandi,icpcpr251376,2:46:50,300,3,false
893,1097245,Debugging Ducks,"National Institute of Technology, Calicut",icpcpr252291,2:47:33,300,3,false
894,1088226,ZAV_CODERS,Indian Institute of Technology - Ropar,icpcpr251503,2:47:52,300,3,false
895,1081705,WeAreDone,"I.K.Gujral Punjab Techinical University, Jalandhar (Main Campus)",icpcpr250672,2:48:06,300,3,false
896,1092543,Segmentation Fault,Indian Institute of Technology - Indore,icpcpr251265,2:50:12,300,3,false
897,1086303,Code Smashers,"Birla Institute of Technology, Deoghar",icpcpr250370,2:50:21,300,3,false
898,1087918,Delta+,Sri Sivasubramaniya Nadar College of Engineering,icpcpr252823,2:50:46,300,3,false
899,1087905,Ctrl Code Elite,Delhi Technological University(Formerly DCE),icpcpr250527,2:51:11,300,3,false
900,1092454,TestCase,"National Institute of Technology, Jamshedpur",icpcpr252320,2:51:41,300,3,false
901,1096092,SilverCrow,IIIT Vadodara,icpcpr250675,2:51:51,300,3,false
902,1094694,CodeBlooded!,Indian Institute of Technology - Gandhinagar,icpcpr251173,2:52:07,300,3,false
903,1105509,nhi_ata_bhai,Indian Institute of Technology - Guwahati,icpcpr251216,2:52:15,300,3,false
904,1089258,Thoda Thoda CP Aata,Indian Institute of Technology - Delhi,icpcpr251120,2:52:45,300,3,false
905,1082279,HammerTime,"Indian Institute of Engineering Science and Technology, Shibpur",icpcpr250757,2:52:57,300,3,false
906,1105202,Nulltrio,National Institute of Technology Rourkela,icpcpr252232,2:53:12,300,3,false
907,1092555,CodeNVD,Indian Institute of Technology - Indore,icpcpr251270,2:53:32,300,3,false
908,1092024,Gen-X,Sant Longowal Institute of Engineering and Technology,icpcpr252657,2:53:34,300,3,false
909,1092853,ABC,Punjab Engineering College Chandigarh,icpcpr252564,2:54:05,300,3,false
910,1090606,Bhondus,"Birla Institute of Technology and Science, Pilani Campus",icpcpr250349,2:54:34,300,3,false
911,1108487,HardCoders,"PDPM Indian Institute of Information Technology Design & Manufacturing, Jabalpur",icpcpr252446,2:54:38,300,3,false
912,1110815,Major Pro,"National Institute of Technology Karnataka, Surathkul",icpcpr252197,2:54:49,300,3,false
913,1086324,NoIdea,"Indian Institute of Technology (ISM), Dhanbad",icpcpr251055,2:54:55,300,3,false
914,1085483,Pretest_Passed,"Bipin Tripathi Kumaon Institute of Technology, Dwarahat",icpcpr250338,2:55:32,300,3,false
915,1093078,return1,Indian Institute Of Technology Jodhpur,icpcpr250747,2:56:01,300,3,false
916,1091406,Teen_Titans,Maulana Azad National Institute of Technology Bhopal,icpcpr252087,2:56:10,300,3,false
917,1111810,npsoftgreens,DJ Sanghvi College of Engineering,icpcpr250491,2:56:15,300,3,false
918,1095996,Unlucky,Jaypee Institute of Information Technology,icpcpr251856,2:56:22,300,3,false
919,1091316,Syntax010,Madan Mohan Malaviya University of Technology,icpcpr252043,2:56:32,300,3,false
920,1108568,tun tun mausi,"Indian Institute of Information Technology, Nagpur",icpcpr250890,2:56:33,300,3,false
921,1088009,Night Coders,Jaypee Institute of Information Technology,icpcpr251863,2:57:03,300,3,false
922,1088967,Fatal Force,Indian Institute of Technology - Delhi,icpcpr251135,2:57:09,300,3,false
923,1088556,Heap_Heap_Hooray,Indian Institute of Technology - Delhi,icpcpr251108,2:57:14,300,3,false
924,1081070,Ternary Brains,Physics Wallah Institute of Innovation,icpcpr252481,2:57:43,300,3,false
925,1092900,Triangulation,Indian Institute of Technology - Roorkee,icpcpr251455,2:57:52,300,3,false
926,1111348,Recursify,Bangalore Institute of Technology,icpcpr250326,2:58:03,300,3,false
927,1079169,Code Titans,Chandubhai S. Patel Institute of Technology,icpcpr250438,2:58:04,300,3,false
928,1093093,Checkmate,"Dhirubhai Ambani Institute of Information and Communication Technology, Gandhinagar",icpcpr250550,2:58:06,300,3,false
929,1087279,First Time,"Indian Institute of Technology, Madras",icpcpr251621,2:58:29,300,3,false
930,1115227,Pseudorandom,Indian Statistical Institute,icpcpr251667,2:58:45,300,3,false
931,1108754,Unplaced Interns,KLE Technological University,icpcpr251958,2:59:00,300,3,false
932,1091722,sort(mylife),"BITS-Pilani, Goa Campus",icpcpr250282,2:59:04,300,3,false
933,1084480,Horsefire,"Indian Institute of Information Technology, Una",icpcpr251001,2:59:36,300,3,false
934,1091189,Roommates,Indian Institute of Information Technology Kota,icpcpr250864,3:00:26,300,3,false
935,1094353,3Ds,"Indian Institute of Information Technology, Una",icpcpr251018,3:00:31,300,3,false
936,1091832,ASK,"Indian Institute of Science, Bangalore",icpcpr251030,3:00:33,300,3,false
937,1106983,ThreePointers,Thadomal Shahani Engineering College,icpcpr252866,3:00:41,300,3,false
938,1087562,Inversions,Graphic Era Hill University,icpcpr250634,3:00:43,300,3,false
939,1091839,Rasmalai,Shri Mata Vaishno Devi University,icpcpr252744,3:01:26,300,3,false
940,1087827,Black Bulls,Sri Krishna College of Engineering and Technology,icpcpr252807,3:01:29,300,3,false
941,1081148,Mex_gcd,Rajiv Gandhi Institute Of Petroleum Technology,icpcpr252588,3:01:34,300,3,false
942,1097219,Recursive Resolvers,National Institute of Technology Rourkela,icpcpr252230,3:01:43,300,3,false
943,1094391,HumaraChatpataTeam,**Institute Name to be defined,icpcpr252712,3:02:24,300,3,false
944,1093023,OUT_OF_BOUNDS,CMR College of Engineering & Technology,icpcpr250394,3:02:39,300,3,false
945,1113781,OTS,Jaypee Institute of Information Technology,icpcpr251871,3:03:33,300,3,false
946,1104744,CodeJUNction,VNR Vignana Jyothi Institute of Engineering & Technology,icpcpr252940,3:03:35,300,3,false
947,1089694,ABA2627,"Indian Institute of Technology, Madras",icpcpr251646,3:03:58,300,3,true
948,1095514,CodeXX,Sardar Vallabhbhai National Institute of Technology,icpcpr252675,3:04:36,300,3,false
949,1078620,ByteMe,Graphic Era Hill University,icpcpr250640,3:04:58,300,3,false
950,1092109,three_men_in_a_boat,Indian Institute of Technology - Patna,icpcpr251393,3:05:21,300,3,false
951,1108366,Binary Bandits,Indian Institute of Technology - Varanasi,icpcpr251557,3:05:22,300,3,false
952,1106682,tripleS,"National Institute of Technology, Durgapur",icpcpr252299,3:06:34,300,3,false
953,1089057,YITians,Indian Institute of Technology - Delhi,icpcpr251117,3:06:44,300,3,false
954,1095521,MetaMorphs,Sardar Vallabhbhai National Institute of Technology,icpcpr252677,3:06:47,300,3,false
955,1084560,meow_meow_meow,"National Institute of Technology, Raipur",icpcpr252346,3:07:24,300,3,false
956,1092830,A2P,"National Institute of Technology, Jamshedpur",icpcpr252324,3:07:26,300,3,false
957,1088555,Allout,BMS Institute of Technology and Management,icpcpr250322,3:08:04,300,3,false
958,1114535,plain_folks,Indian Institute of Technology - Varanasi,icpcpr251563,3:08:17,300,3,true
959,1102277,TooWeak,Indian Institute of Technology - Mandi,icpcpr251372,3:08:41,300,3,false
960,1093260,Coders in Pyjamas,Indian Institute of Information Technology Allahabad,icpcpr250789,3:09:18,300,3,false
961,1095264,QuestionHunter,"National Institute of Technology, Silchar",icpcpr252368,3:09:42,300,3,false
962,1088993,Kuchh bhi,INDIAN INSTITUTE OF INFORMATION TECHNOLOGY RANCHI,icpcpr250735,3:10:14,300,3,false
963,1092502,Guruji,Indian Institute of Technology - Hyderabad,icpcpr251244,3:10:29,300,3,false
964,1082110,Divide_By_Zero,Marathwada Mitra Mandal's College of Engineering,icpcpr252084,3:10:34,300,3,false
965,1098485,berozgar-kakshi,Vishwakarma Institute of Technology,icpcpr253013,3:11:39,300,3,true
966,1081099,codezillas,Sri Sivasubramaniya Nadar College of Engineering,icpcpr252821,3:12:23,300,3,false
967,1078478,BreakingBugs,National Institute of Technology Tiruchirappalli,icpcpr252252,3:13:01,300,3,false
968,1088953,kyun_batayen,Rishihood University,icpcpr252605,3:13:03,300,3,false
969,1082292,IGainValues,Indian Institute Of Technology Jodhpur,icpcpr250743,3:13:50,300,3,false
970,1090994,optimus,"Indian Institute of Information Technology, Lucknow",icpcpr250955,3:14:05,300,3,false
971,1091218,Exponential growth,Veermata Jijabai Technological Institute,icpcpr252964,3:14:19,300,3,false
972,1081081,overcooked,"National Institute of Technology, Silchar",icpcpr252367,3:14:28,300,3,true
973,1093830,SIGABRT,Indian Institute of Technology Goa,icpcpr251608,3:15:50,300,3,false
974,1099399,SAP_Coders,Indian Institute of Technology - Kharagpur,icpcpr251340,3:16:03,300,3,false
975,1090981,Fenwick,"Indian Institute of Engineering Science and Technology, Shibpur",icpcpr250758,3:16:51,300,3,false
976,1082116,Binary Three,Sant Longowal Institute of Engineering and Technology,icpcpr252655,3:16:53,300,3,false
977,1083159,ANA - ARCHITECT OF NEW AGE,Motilal Nehru National Institute of Technology - Allahabad,icpcpr252121,3:17:05,300,3,false
978,1094954,Towrist,**Institute Name to be defined,icpcpr250002,3:17:15,300,3,false
979,1109062,HUSTLERS,Indian Institute of Information Technology Allahabad,icpcpr250792,3:17:32,300,3,false
980,1115895,jockey,Thapar Institute of Engineering & Technology,icpcpr252888,3:18:05,300,3,false
981,1096006,Tralalero Tralala,Indian Institute of Technology - Varanasi,icpcpr251555,3:18:09,300,3,false
982,1093075,Abstract Programmers,Indian Institute Of Technology Jodhpur,icpcpr250745,3:18:37,300,3,false
983,1088888,YTC Cataclyst,National Institute of Technology Tiruchirappalli,icpcpr252259,3:18:37,300,3,false
984,1091429,MindsetCoders,Indian Institute of Information Technology Allahabad,icpcpr250773,3:18:39,300,3,false
985,1088476,magical dolphins,"Vellore Institute of Technology, Chennai",icpcpr252992,3:18:52,300,3,false
986,1115658,NaN sense,Indian Institute of Technology Jammu,icpcpr251614,3:19:18,300,3,false
987,1093355,MidnightCoders,"MIT Academy of Engineering, Alandi",icpcpr252031,3:19:51,300,3,false
988,1085154,Random(3),Indian Institute of Technology - Ropar,icpcpr251494,3:21:11,300,3,true
989,1078578,Valar Algoris,Nirma University,icpcpr252423,3:22:06,300,3,false
990,1092554,Bitrayers,Indian Institute of Technology - Indore,icpcpr251269,3:22:22,300,3,false
991,1088368,Gear3,Indian Institute of Technology Bhilai,icpcpr251578,3:22:56,300,3,false
992,1109591,NaN Sense Coders,"National Institute of Technology Karnataka, Surathkul",icpcpr252211,3:23:38,300,3,false
993,1091736,Low IQ,"Indian Institute of Information Technology, Surat",icpcpr250994,3:23:41,300,3,false
994,1105193,SRS,St. Thomas' College of Engineering and Technology,icpcpr252848,3:23:42,300,3,false
995,1094166,Code-Asur,Indian Institute of Technology Goa,icpcpr251604,3:23:45,300,3,false
996,1099487,Boolean Brigade,National Institute of Technology Rourkela,icpcpr252241,3:23:47,300,3,false
997,1091085,return_root,"BITS-Pilani, Hyderabad Campus",icpcpr250309,3:23:54,300,3,false
998,1092286,long long int,"Dhirubhai Ambani Institute of Information and Communication Technology, Gandhinagar",icpcpr250556,3:24:36,300,3,false
999,1088350,Jai jagannath,INDIAN INSTITUTE OF INFORMATION TECHNOLOGY RANCHI,icpcpr250734,3:24:42,300,3,false
"1,000",1088509,Stellarlune,Sri Sivasubramaniya Nadar College of Engineering,icpcpr252818,3:25:16,300,3,true
"1,001",1095550,GLiTcH,Sardar Vallabhbhai National Institute of Technology,icpcpr252684,3:25:46,300,3,false
"1,002",1102809,CodeBlinkers,Nirma University,icpcpr252428,3:27:01,300,3,false
"1,003",1092348,RuntimeRakshas,Punjab Engineering College Chandigarh,icpcpr252566,3:27:02,300,3,false
"1,004",1082816,Team Xpro,"Ajay Kumar Garg Engineering College, Ghaziabad",icpcpr250032,3:27:20,300,3,false
"1,005",1095239,Code Avengers,"GLA University, Mathura",icpcpr250599,3:28:06,300,3,true
"1,006",1077311,O(3) Optimizer,National Institute of Technology Tiruchirappalli,icpcpr252266,3:28:27,300,3,false
"1,007",1080433,Pretest Passed,Pune Institute of Computer Technology,icpcpr252556,3:29:15,300,3,false
"1,008",1080630,ProteinShake,Dayananda Sagar College of Engineering,icpcpr250512,3:29:21,300,3,false
"1,009",1112781,Team_Wizards,Maharaja Agrasen Institute of Technology,icpcpr252064,3:29:29,300,3,false
"1,010",1096341,The Tricoders,University of Calcutta,icpcpr252917,3:29:56,300,3,false
"1,011",1092797,Stack_Underflow,Indian Institute of Technology - Indore,icpcpr251258,3:30:08,300,3,false
"1,012",1077466,Berlin,"National Institute of Technology, Raipur",icpcpr252352,3:30:13,300,3,false
"1,013",1087133,Dvorak_MKC,International Institute of Information Technology - Bangalore,icpcpr251714,3:30:34,300,3,false
"1,014",1109646,Void,Vellore Institute of Technology,icpcpr252984,3:30:46,300,3,false
"1,015",1088634,RavaIdli,"K. J. Somaiya College of Engineering, Vidyavihar, Mumbai",icpcpr251897,3:31:20,300,3,false
"1,016",1082442,PegasusChallengers,International Institute of Information Technology - Naya Raipur,icpcpr251729,3:31:21,300,3,false
"1,017",1091205,trie_again,Vidyalankar Institute of Technology,icpcpr252999,3:31:40,300,3,false
"1,018",1096717,Bit by Bit,Shiv Nadar University,icpcpr252730,3:31:50,300,3,false
"1,019",1083152,Coder Bots,Motilal Nehru National Institute of Technology - Allahabad,icpcpr252109,3:32:40,300,3,false
"1,020",1096706,TimeLimitExceeded18,Indian Institute of Technology - Patna,icpcpr251416,3:33:06,300,3,false
"1,021",1089693,Sky is the limit,"Indian Institute of Technology, Madras",icpcpr251632,3:33:20,300,3,false
"1,022",1109111,Baadme Dekhte hai,DJ Sanghvi College of Engineering,icpcpr250487,3:34:00,300,3,false
"1,023",1098794,Code Blooded,**Institute Name to be defined,icpcpr252718,3:34:49,300,3,false
"1,024",1092025,The Endgame,Delhi Technological University(Formerly DCE),icpcpr250519,3:35:13,300,3,false
"1,025",1084483,KIRA,"Silicon Institute of Technology, Bhubaneswar",icpcpr252764,3:35:14,300,3,false
"1,026",1112659,BYTEBUZZ,"Indian Institute of Engineering Science and Technology, Shibpur",icpcpr250762,3:35:59,300,3,false
"1,027",1088113,Eazy-Pezy,Amrita Vishwa Vidyapeetham Nagercoil,icpcpr250230,3:36:57,300,3,false
"1,028",1104626,Infinite_loopers,"GLA University, Mathura",icpcpr250598,3:37:15,300,3,false
"1,029",1081371,LamdaExpress,Nirma University,icpcpr252424,3:38:26,300,3,false
"1,030",1091398,Daro_Matt,Maulana Azad National Institute of Technology Bhopal,icpcpr252085,3:38:32,300,3,false
"1,031",1093513,PowerRangersSPD,MANAV RACHNA UNIVERSITY,icpcpr252024,3:38:42,300,3,false
"1,032",1083034,Chaha++,Pune Institute of Computer Technology,icpcpr252557,3:39:06,300,3,false
"1,033",1087980,We came we divided we conquered,Indian Institute of Information Technology Kottayam,icpcpr250878,3:40:36,300,3,false
"1,034",1092736,APX,Chennai Institute of Technology,icpcpr250448,3:40:37,300,3,false
"1,035",1080471,69th Bit,"Jadavpur University, Kolkata",icpcpr251805,3:41:39,300,3,false
"1,036",1086369,EndGame,Indian Institute of Technology Jammu,icpcpr251612,3:42:26,300,3,false
"1,037",1101651,TeamTAN,"Kalinga Institute Of Industrial Technology,Bhubaneswar",icpcpr251962,3:42:34,300,3,false
"1,038",1091983,OnlyCodes,"Bipin Tripathi Kumaon Institute of Technology, Dwarahat",icpcpr250339,3:42:38,300,3,false
"1,039",1089270,Fine Men,Indian Institute of Technology - Delhi,icpcpr251138,3:43:00,300,3,false
"1,040",1080746,No Bug November,Physics Wallah Institute of Innovation,icpcpr252480,3:43:32,300,3,false
"1,041",1105489,kuch bhi,Indian Institute of Technology - Guwahati,icpcpr251182,3:43:36,300,3,false
"1,042",1088617,B4Brute4s,Netaji Subhas University Of Technology,icpcpr252392,3:44:00,300,3,false
"1,043",1084596,NIAMT,National Institute of Advanced Manufacturing Technology,icpcpr252169,3:44:04,300,3,false
"1,044",1096319,run time error,ABES Engineering College,icpcpr250009,3:44:40,300,3,false
"1,045",1106294,Optimizers,Madan Mohan Malaviya University of Technology,icpcpr252049,3:44:44,300,3,false
"1,046",1095544,3geeks,Sardar Vallabhbhai National Institute of Technology,icpcpr252682,3:45:13,300,3,false
"1,047",1086147,ac_kaise_hogaya,University Institute of Technology - RGPV,icpcpr252912,3:45:24,300,3,false
"1,048",1087057,unkown_AC,"Institute of Engineering & Technology, Lucknow",icpcpr251679,3:45:51,300,3,false
"1,049",1088946,nahi_batayenge,Rishihood University,icpcpr252604,3:46:12,300,3,false
"1,050",1084612,Flaming Tomatoes,Ajeenkya DY Patil University,icpcpr250046,3:46:14,300,3,false
"1,051",1089733,Nakaabil_Koders,"Birla Institute of Technology and Science, Pilani Campus",icpcpr250347,3:46:19,300,3,false
"1,052",1108575,Tuff,"BITS-Pilani, Goa Campus",icpcpr250300,3:46:23,300,3,false
"1,053",1089958,trying_again,Indian Institute of Technology - Delhi,icpcpr251147,3:48:33,300,3,false
"1,054",1096375,SKiPpy,Indian Institute of Technology - Patna,icpcpr251412,3:48:42,300,3,false
"1,055",1111150,SDLC,"Indian Institute of Information Technology, Nagpur",icpcpr250900,3:48:49,300,3,false
"1,056",1082121,Perceptiiit,Indian Institute of Information Technology Kalyani,icpcpr250863,3:49:01,300,3,false
"1,057",1100671,SKKV_01,"Indian Institute of Information Technology, Una",icpcpr251015,3:49:22,300,3,false
"1,058",1088332,idK,International Institute of Information Technology - Naya Raipur,icpcpr251731,3:49:49,300,3,false
"1,059",1104237,Techinnovators,Cummins College of Engineering for Women,icpcpr250478,3:50:16,300,3,true
"1,060",1092682,Fantastic Three,DJ Sanghvi College of Engineering,icpcpr250497,3:50:20,300,3,false
"1,061",1083045,Mavericks,JSS Academy of Technical Education Noida,icpcpr251781,3:50:56,300,3,true
"1,062",1111343,VILGAX,National Institute of Technology Rourkela,icpcpr252243,3:51:04,300,3,false
"1,063",1080070,Bits N' Bytes,"Rajarshi Shahu College of Engineering, Pune",icpcpr252582,3:51:49,300,3,false
"1,064",1095001,Think_Again,Motilal Nehru National Institute of Technology - Allahabad,icpcpr252125,3:52:39,300,3,false
"1,065",1109616,TopFrag,"National Institute of Technology Karnataka, Surathkul",icpcpr252213,3:53:28,300,3,false
"1,066",1111818,log(n) Legends,DJ Sanghvi College of Engineering,icpcpr250504,3:54:13,300,3,false
"1,067",1086032,Obsedian,Rishihood University,icpcpr252600,3:54:38,300,3,false
"1,068",1106056,Dechox,"BITS-Pilani, Hyderabad Campus",icpcpr250317,3:54:40,300,3,false
"1,069",1091334,SURGE OF VICTORY,Indian Institute of Information Technology Pune,icpcpr250906,3:55:21,300,3,false
"1,070",1086417,Bhang_ka_Jhopda,Rishihood University,icpcpr252603,3:55:59,300,3,false
"1,071",1112385,anxiouscoders,Maharaja Agrasen Institute of Technology,icpcpr252063,3:56:05,300,3,false
"1,072",1081443,SSH,National Institute of Technology Tiruchirappalli,icpcpr252254,3:56:28,300,3,false
"1,073",1090074,savdhan_india,National Institute of Technology Tiruchirappalli,icpcpr252274,3:56:58,300,3,false
"1,074",1085425,Coders_07,National Institute of Technology - Agartala,icpcpr252176,3:58:15,300,3,false
"1,075",1096231,Saiyans,"Indian Institute of Information Technology, Lucknow",icpcpr250965,3:58:21,300,3,false
"1,076",1108467,The Debugging Dead,VNR Vignana Jyothi Institute of Engineering & Technology,icpcpr252948,3:59:21,300,3,false
"1,077",1097518,meghdoot,Indian Institute of Information Technology Manipur,icpcpr250920,3:59:22,300,3,false
"1,078",1095597,Team 7,"Indian Institute of Information Technology Design and Manufacturing, Kurnool",icpcpr250850,4:00:24,300,3,false
"1,079",1087382,Hello_ICPC,"Indian Institute of Technology (ISM), Dhanbad",icpcpr251063,4:00:47,300,3,false
"1,080",1097727,Team SuPeR,"National Institute of Technology, Durgapur",icpcpr252295,4:01:05,300,3,false
"1,081",1093373,Garuda Guard1an,Delhi Technological University(Formerly DCE),icpcpr250522,4:01:13,300,3,false
"1,082",1082272,Code_Blooded,Thapar Institute of Engineering & Technology,icpcpr252881,4:01:40,300,3,false
"1,083",1095490,Rangey bhakts,Parul University,icpcpr252479,4:01:43,300,3,false
"1,084",1096443,AC_Pending,Indian Institute of Technology - Bombay,icpcpr251093,4:01:50,300,3,true
"1,085",1092134,DihCoders,Indian Institute of Information Technology Allahabad,icpcpr250795,4:02:51,300,3,false
"1,086",1080334,BITMASK,"Shri Ramdeobaba College of Engineering and Management, Nagpur",icpcpr252750,4:02:56,300,3,false
"1,087",1085476,CP+,"Medi-Caps University, Indore",icpcpr252105,4:03:15,300,3,false
"1,088",1090834,KIT WhiZZ,Karpagam Institute of Technology,icpcpr251988,4:03:26,300,3,false
"1,089",1092260,The CodeZilla,"Dhirubhai Ambani Institute of Information and Communication Technology, Gandhinagar",icpcpr250553,4:03:42,300,3,false
"1,090",1102777,Team Nexus,Veermata Jijabai Technological Institute,icpcpr252970,4:03:46,300,3,false
"1,091",1088110,Mission_Impossible,"Institute of Engineering & Technology, Lucknow",icpcpr251688,4:03:51,300,3,false
"1,092",1082793,npm i cp,Dr. D.Y. Patil Institute of Technology,icpcpr250570,4:04:12,300,3,false
"1,093",1089356,CodeLike,International Institute of Information Technology Bhubaneswar,icpcpr251734,4:05:01,300,3,false
"1,094",1109228,Retarded Coders,Indian Institute of Technology - Guwahati,icpcpr251220,4:05:30,300,3,false
"1,095",1093125,DGS_IITH,Indian Institute of Technology - Hyderabad,icpcpr251245,4:05:31,300,3,false
"1,096",1105189,Hashira,"Birla Institute of Technology, Mesra",icpcpr250374,4:06:18,300,3,false
"1,097",1111204,The Akatsuki,Veermata Jijabai Technological Institute,icpcpr252977,4:06:23,300,3,false
"1,098",1085786,Eclipse Security,Amrita Vishwa Vidyapeetham Mysuru Campus,icpcpr250221,4:07:10,300,3,false
"1,099",1098670,Attempt1,"International Institute of Information Technology, Hyderabad",icpcpr251763,4:07:14,300,3,false
"1,100",1096716,BTeam,Shiv Nadar University,icpcpr252729,4:08:49,300,3,false
"1,101",1083368,3bytes,Goa Engineering College,icpcpr250629,4:09:58,300,3,false
"1,102",1093863,Binary Lifters,Sardar Patel Institute of Technology,icpcpr252660,4:09:59,300,3,false
"1,103",1084616,Team A,Ajeenkya DY Patil University,icpcpr250049,4:10:08,300,3,false
"1,104",1090788,Eleven,Vishwakarma Institute of Information Technology,icpcpr253009,4:10:18,300,3,false
"1,105",1091408,Brute Force Bros,Maulana Azad National Institute of Technology Bhopal,icpcpr252088,4:10:33,300,3,false
"1,106",1083180,Phantom Coders,Motilal Nehru National Institute of Technology - Allahabad,icpcpr252123,4:12:03,300,3,false
"1,107",1111347,Optimus,Bangalore Institute of Technology,icpcpr250325,4:12:12,300,3,false
"1,108",1105103,BitByBit2,"Birla Institute of Technology, Mesra",icpcpr250377,4:13:02,300,3,false
"1,109",1099643,Div2Maxxers,"National Institute of Technology, Raipur",icpcpr252353,4:13:36,300,3,false
"1,110",1095195,2ndTimesTheCharm,National Institute of Technology Rourkela,icpcpr252228,4:13:46,300,3,false
"1,111",1095422,infiniteloop,DIT University,icpcpr250479,4:13:50,300,3,false
"1,112",1096366,Code_Geass,"Indian Institute of Information Technology, Dharwad",icpcpr250936,4:13:50,300,3,false
"1,113",1115533,Gaussian,Amrita School of Engineering Bangalore,icpcpr250163,4:13:57,300,3,false
"1,114",1086381,BigO3,Sardar Patel Institute of Technology,icpcpr252658,4:14:10,300,3,false
"1,115",1115752,logic.gap,Amrita School of Engineering Kollam,icpcpr250179,4:14:16,300,3,false
"1,116",1096254,Code-dreamers,IIT Bhubaneswar,icpcpr250708,4:14:39,300,3,false
"1,117",1112704,SilentKillersOfWA,Vellore Institute of Technology,icpcpr252986,4:15:37,300,3,false
"1,118",1105154,LonelyDevs,Delhi Technological University(Formerly DCE),icpcpr250532,4:16:34,300,3,false
"1,119",1092881,TargetUSACO,Netaji Subhas University Of Technology,icpcpr252393,4:16:57,300,3,false
"1,120",1102274,Penguin,Indian Institute of Technology - Mandi,icpcpr251380,4:17:41,300,3,false
"1,121",1089714,BSTle,"Birla Institute of Technology and Science, Pilani Campus",icpcpr250341,4:18:42,300,3,false
"1,122",1102934,KCS,Vivekanand Education Society’s Institute of Technology,icpcpr253025,4:18:53,300,3,false
"1,123",1098557,Graphters,"National Institute of Technology, Durgapur",icpcpr252296,4:19:45,300,3,false
"1,124",1087658,dp_gambit,"Jadavpur University, Kolkata",icpcpr251798,4:21:38,300,3,false
"1,125",1108801,SCP-001,Amrita School of Engineering Coimbatore,icpcpr250170,4:21:48,300,3,false
"1,126",1109473,Divide & Conquer,Anil Neerukonda Institute of Technology and Sciences,icpcpr250245,4:21:58,300,3,false
"1,127",1087169,Project_Mayhem.c,"Indian Institute of Technology (ISM), Dhanbad",icpcpr251042,4:22:45,300,3,false
"1,128",1111357,Zero Day Coders,"Indian Institute of Information Technology Design and Manufacturing, Kurnool",icpcpr250846,4:23:13,300,3,false
"1,129",1092349,CoDeC VAN,Dr. Vishwanath Karad MIT World Peace University,icpcpr250575,4:23:42,300,3,false
"1,130",1084056,Aura_bits,PSG Institute of Technology and Applied Research,icpcpr252468,4:23:57,300,3,false
"1,131",1095416,WrongAnsOnTest2,Malaviya National Institute of Technology Jaipur,icpcpr252071,4:23:59,300,3,false
"1,132",1078700,The Noobs,IIT Bhubaneswar,icpcpr250700,4:24:57,300,3,false
"1,133",1092739,sweetpickle,Neil Gogte Institute of Technology,icpcpr252390,4:25:39,300,3,false
"1,134",1082975,1e9+7,"School of Engineering and Applied Science, Ahmedabad University",icpcpr252723,4:25:42,300,3,false
"1,135",1078779,SPARTANS,Manipal University Jaipur,icpcpr252078,4:25:48,300,3,false
"1,136",1095421,KAS,Veermata Jijabai Technological Institute,icpcpr252968,4:26:27,300,3,false
"1,137",1088689,CodeNova,Indian Institute of Technology - Ropar,icpcpr251519,4:26:32,300,3,true
"1,138",1081088,NoMore404,Physics Wallah Institute of Innovation,icpcpr252482,4:27:13,300,3,false
"1,139",1085880,Bit Coders,"Indian Institute of Information Technology, Una",icpcpr251006,4:28:26,300,3,false
"1,140",1078875,Null Terminators,KIET GROUP OF INSTITUTIONS,icpcpr251928,4:28:34,300,3,false
"1,141",1087125,Entropy,International Institute of Information Technology - Bangalore,icpcpr251718,4:29:24,300,3,false
"1,142",1095328,S-110,"National Institute of Technology, Silchar",icpcpr252369,4:29:45,300,3,false
"1,143",1107453,BruteForced,"National Institute of Technology, Durgapur",icpcpr252300,4:32:55,300,3,false
"1,144",1096337,O(1)Dreamers,Indian Institute of Technology - Bombay,icpcpr251092,4:32:58,300,3,false
"1,145",1100959,CodeEnigma,COEP Technological University,icpcpr250401,4:33:30,300,3,false
"1,146",1091411,NoobCoderz,Maulana Azad National Institute of Technology Bhopal,icpcpr252091,4:34:26,300,3,false
"1,147",1109545,CubeRoot,Koneru Lakshmaiah Education Foundation,icpcpr251994,4:35:19,300,3,false
"1,148",1105077,Time Limit Exceeded,Veermata Jijabai Technological Institute,icpcpr252971,4:36:18,300,3,false
"1,149",1083312,nonchalant_coderz,Maharaja Agrasen Institute of Technology,icpcpr252056,4:36:50,300,3,false
"1,150",1089563,Syntax Errors,Indian Institute of Technology - Delhi,icpcpr251144,4:37:16,300,3,false
"1,151",1081724,Stuck_on_TC2,Nirma University,icpcpr252413,4:37:30,300,3,false
"1,152",1101837,Cosmos,"National Institute of Technology, Raipur",icpcpr252350,4:37:31,300,3,false
"1,153",1093105,Pobeditel,IIIT Vadodara,icpcpr250674,4:38:53,300,3,false
"1,154",1091997,Big O(N)erds,University School of Automation and Robotics,icpcpr252914,4:39:27,300,3,false
"1,155",1089255,Icpciers,Indian Institute of Technology - Delhi,icpcpr251136,4:39:38,300,3,false
"1,156",1078322,Pinaka,"National Institute of Technology, Silchar",icpcpr252363,4:39:41,300,3,false
"1,157",1092803,Pupils,Indian Institute of Information Technology Allahabad,icpcpr250797,4:39:42,300,3,false
"1,158",1087174,BYZANTINE,"Indian Institute of Technology (ISM), Dhanbad",icpcpr251043,4:40:00,300,3,false
"1,159",1115249,deadlock.exe,Indian Institute of Technology Tirupati,icpcpr251616,4:40:03,300,3,false
"1,160",1096856,SASTAMEN,VNR Vignana Jyothi Institute of Engineering & Technology,icpcpr252937,4:40:03,300,3,false
"1,161",1087923,FTW,INDIAN INSTITUTE OF INFORMATION TECHNOLOGY BHAGALPUR,icpcpr250722,4:40:08,300,3,false
"1,162",1080848,Multi-Thread,Thapar Institute of Engineering & Technology,icpcpr252870,4:41:13,300,3,false
"1,163",1096754,Byte Bandits,Chandigarh University,icpcpr250407,4:41:27,300,3,false
"1,164",1106280,UndefinedBehaviour,Thadomal Shahani Engineering College,icpcpr252865,4:41:42,300,3,false
"1,165",1091717,Innovators,Pandit Deendayal Energy University,icpcpr252471,4:42:00,300,3,false
"1,166",1113118,Trie Hard,Thapar Institute of Engineering & Technology,icpcpr252887,4:43:38,300,3,false
"1,167",1092544,Not_Found_Plaigiarism,Indian Institute of Technology - Indore,icpcpr251253,4:43:40,300,3,false
"1,168",1091148,Cors Policy,Chennai Institute of Technology,icpcpr250441,4:43:47,300,3,false
"1,169",1087759,codeslayer,Dharmsinh Desai Institute of Technology,icpcpr250540,4:44:07,300,3,false
"1,170",1098521,Wavelet Tree,Rajiv Gandhi Institute Of Petroleum Technology,icpcpr252589,4:44:25,300,3,false
"1,171",1087924,404 Not Founders,INDIAN INSTITUTE OF INFORMATION TECHNOLOGY BHAGALPUR,icpcpr250724,4:44:55,300,3,false
"1,172",1105731,CodeHers,Veermata Jijabai Technological Institute,icpcpr252975,4:46:44,300,3,true
"1,173",1080279,RamBharose,Dayananda Sagar College of Engineering,icpcpr250509,4:46:57,300,3,false
"1,174",1109152,R304,Vellore Institute of Technology,icpcpr252982,4:47:46,300,3,false
"1,175",1087653,Team TLE,Jalpaiguri Government Engineering College- Maulana Abul Kalam Azad University of Technology,icpcpr251833,4:48:20,300,3,false
"1,176",1097540,Bit Busters,B. M. S. College of Engineering,icpcpr250268,4:48:43,300,3,false
"1,177",1077185,Bitwise Coders 2.0,"G.H. Raisoni College of Engineering, Nagpur",icpcpr250592,4:49:27,300,3,false
"1,178",1111544,Algorithm Angles,Sarvajanik College of Engineering & Technology,icpcpr252701,4:49:31,300,3,true
"1,179",1090995,RunTime Terror,"Indian Institute of Information Technology, Lucknow",icpcpr250943,4:50:03,300,3,false
"1,180",1103126,Team Falcons,Indian Institute of Technology - Kharagpur,icpcpr251341,4:53:44,300,3,false
"1,181",1084577,ctrlK,G.L.A. Institute of Technology & Management,icpcpr250594,4:54:26,300,3,false
"1,182",1108687,Double Backslash,"Indian Institute of Information Technology, Nagpur",icpcpr250972,4:54:36,300,3,false
"1,183",1077465,SegFault Squad,KIET GROUP OF INSTITUTIONS,icpcpr251925,4:54:52,300,3,false
"1,184",1093805,Three_Bytes,IIT Bhubaneswar,icpcpr250706,4:55:51,300,3,false
"1,185",1113964,AltF4,RV College of Engineering,icpcpr252577,4:57:47,300,3,false
"1,186",1077266,3_coders,Veer Surendra Sai University of Technology,icpcpr252961,4:58:05,300,3,false
"1,187",1078667,The_Lazy_three,KIET GROUP OF INSTITUTIONS,icpcpr251921,4:59:23,300,3,false
"1,188",1115691,Doofenshmirtz,Indian Institute of Technology Tirupati,icpcpr251619,5:01:37,300,3,false
"1,189",1112937,CODEKATA BOYZ,"RCC Institute of Information Technology, Beliaghata, Kolkata, West Bengal",icpcpr252568,5:03:20,300,3,false
"1,190",1077462,NITSCodersTrio,"National Institute of Technology, Silchar",icpcpr252374,5:03:50,300,3,false
"1,191",1104509,Brocoders,Sardar Patel Institute of Technology,icpcpr252665,5:04:03,300,3,false
"1,192",1115692,avengers,Indian Institute of Technology Tirupati,icpcpr251620,5:04:11,300,3,false
"1,193",1109916,Stray Kids,VNR Vignana Jyothi Institute of Engineering & Technology,icpcpr252944,5:04:16,300,3,false
"1,194",1078786,CodeForgers,"National Institute of Technology, Silchar",icpcpr252364,5:04:22,300,3,false
"1,195",1091957,Coderellas,Amity University,icpcpr250085,5:04:56,300,3,true
"1,196",1094679,ctrl+alt+ins,Sri Shakthi Institute of Engineering & Technology,icpcpr252813,5:07:48,300,3,false
"1,197",1084227,JioNet@NIT,National Institute of Technology - Agartala,icpcpr252174,5:07:52,300,3,false
"1,198",1080731,DP_Dhakad,Ambalika Institute of Management and Technology,icpcpr250081,5:08:16,300,3,false
"1,199",1092081,Council of Coders,KLE Technological University,icpcpr251950,5:08:27,300,3,false
"1,200",1095957,BigO(1),"K. J. Somaiya College of Engineering, Vidyavihar, Mumbai",icpcpr251902,5:09:23,300,3,false
"1,201",1105515,chai patti,Indian Institute of Technology - Guwahati,icpcpr251217,5:09:29,300,3,false
"1,202",1092188,codeAGR,Amrita School of Engineering Coimbatore,icpcpr250190,5:09:38,300,3,false
"1,203",1077291,P3,KIET GROUP OF INSTITUTIONS,icpcpr251923,5:09:44,300,3,false
"1,204",1076550,Code Wizards,Thakur College of Engineering and Technology,icpcpr252868,5:10:08,300,3,false
"1,205",1082254,Memory Limit Exceeded,"Jadavpur University, Kolkata",icpcpr251823,5:10:16,300,3,false
"1,206",1090832,KIT CONQUERORS,Karpagam Institute of Technology,icpcpr251986,5:10:49,300,3,false
"1,207",1093214,Virella,Indian Institute of Information Technology Allahabad,icpcpr250783,5:10:59,300,3,true
"1,208",1106292,Bludgers,Madan Mohan Malaviya University of Technology,icpcpr252040,5:11:55,300,3,false
"1,209",1090833,KIT Solvers,Karpagam Institute of Technology,icpcpr251987,5:12:55,300,3,true
"1,210",1115775,Tech_warriors,Rajiv Gandhi Institute Of Petroleum Technology,icpcpr252591,5:16:00,300,3,false
"1,211",1084501,MLE_TLE,ABES Engineering College,icpcpr250006,5:20:59,300,3,false
"1,212",1112585,code_in,Chandigarh University,icpcpr250427,5:21:14,300,3,false
"1,213",1105062,Team Techno,"Harcourt Butler Technical University, Kanpur",icpcpr250665,5:21:32,300,3,false
"1,214",1097429,Dominators_nirma_1,Nirma University,icpcpr252427,5:21:34,300,3,false
"1,215",1115244,Amrita Eagles,Amrita School of Engineering Kollam,icpcpr250176,5:21:38,300,3,false
"1,216",1094770,Ellipsis,"National Institute of Technology Karnataka, Surathkul",icpcpr252193,5:22:49,300,3,false
"1,217",1085856,King's Gambit,Thadomal Shahani Engineering College,icpcpr252862,5:23:46,300,3,false
"1,218",1096690,Vectorized Victory,Dr. Vishwanath Karad MIT World Peace University,icpcpr250577,5:25:37,300,3,true
"1,219",1092791,Denominator069,Indian Institute of Information Technology Allahabad,icpcpr250796,5:26:25,300,3,false
"1,220",1108234,Byteme,Chandigarh University,icpcpr250418,5:27:12,300,3,false
"1,221",1095149,Not Like Us,Bhagwan Parshuram Institute of Technology,icpcpr250335,5:27:38,300,3,false
"1,222",1114531,Cache - Cache,Vishwakarma Institute of Information Technology,icpcpr253008,5:28:30,300,3,false
"1,223",1078591,Newbie-Squad,Guru Nanak Dev University - Amritsar-143005,icpcpr250654,5:28:50,300,3,false
"1,224",1085443,Runtime Terrors,"Birla Institute of Technology, Patna",icpcpr250387,5:28:53,300,3,false
"1,225",1115179,Bits_Slash_Std,Chandigarh University,icpcpr250428,5:29:54,300,3,false
"1,226",1078403,MATRIX 404,Indian Institute of Technology - Varanasi,icpcpr251566,5:30:00,300,3,true
"1,227",1078651,Hexadecimal Decoder,"Pimpri Chinchwad College Of Engineering and Research, Pune",icpcpr252485,5:31:45,300,3,false
"1,228",1091715,BITS/std,"BITS-Pilani, Goa Campus",icpcpr250295,5:35:31,300,3,false
"1,229",1082893,Ace Coders,Vivekananda Institute of Professional Studies - Technical Campus,icpcpr253027,5:35:50,300,3,false
"1,230",1089638,Alphageeks,"Government College of Engineering, Karad",icpcpr250632,5:38:23,300,3,false
"1,231",1114513,Overfit,Smt. Kashibai Navale College of Engineering,icpcpr252769,5:40:59,300,3,false
"1,232",1091737,riskyBits,"Indian Institute of Information Technology, Surat",icpcpr250991,5:41:10,300,3,false
"1,233",1094714,(bit)masked killers,"National Institute of Technology Karnataka, Surathkul",icpcpr252201,5:41:28,300,3,false
"1,234",1081737,Xorrier,"Government Engineering College, Gandhinagar",icpcpr250633,5:43:42,300,3,false
"1,235",1084575,ByteGG,Gyan Ganga Institute of Technology and Sciences,icpcpr250655,5:44:12,300,3,false
"1,236",1078474,Code_Wreckers-O-O-,Dronacharya College of Engineering,icpcpr250581,5:47:28,300,3,false
"1,237",1108701,IITJ Terror,Indian Institute of Technology Jammu,icpcpr251613,5:48:02,300,3,false
"1,238",1094633,AAkatsuki,Indian Institute of Technology - Patna,icpcpr251401,5:48:21,300,3,false
"1,239",1086309,White Rawen 3710,Dr. Vishwanath Karad MIT World Peace University,icpcpr250574,5:50:06,300,3,false
"1,240",1105945,BitGenesis,"Gayatri Vidya Parishad College of Engineering, Visakhapatnam",icpcpr250625,5:50:20,300,3,false
"1,241",1092945,Hashcode,Dr. Akhilesh Das Gupta Institute of Professional Studies,icpcpr250568,5:53:44,300,3,false
"1,242",1115239,CodeChamps420,Dr. Vishwanath Karad MIT World Peace University,icpcpr250578,5:54:03,300,3,false
"1,243",1093639,Binary Brains 3.0,K L University,icpcpr251896,5:54:45,300,3,false
"1,244",1097785,std::Winners,Vellore Institute of Technology,icpcpr252980,5:57:51,300,3,false
"1,245",1084263,if(accepted=1),"Jadavpur University, Kolkata",icpcpr251809,5:58:52,300,3,false
"1,246",1078660,Karate Kids,RNS Institute of Technology,icpcpr252569,6:01:04,300,3,false
"1,247",1094844,GroguX,Institute of Engineering and Rural Technology,icpcpr251694,6:01:16,300,3,false
"1,248",1086345,Phoenix Rising,Siksha O Anusandhan University,icpcpr252762,6:01:46,300,3,false
"1,249",1096800,Last Attempt,Jaipur Engineering College & Research Centre,icpcpr251827,6:03:38,300,3,false
"1,250",1091733,Error_404,Indian Institute of Technology - Kharagpur,icpcpr251330,6:04:45,300,3,false
"1,251",1082809,Team Cherry,"K. J. Somaiya College of Engineering, Vidyavihar, Mumbai",icpcpr251901,6:07:12,300,3,true
"1,252",1098311,Byte Me,Pune Institute of Computer Technology,icpcpr252559,6:07:13,300,3,false
"1,253",1095418,HouseStark,JSS Academy of Technical Education Noida,icpcpr251784,6:08:43,300,3,false
"1,254",1096689,numerouno,Indian Institute of Technology - Patna,icpcpr251413,6:11:00,300,3,false
"1,255",1079094,ICPC@UVCE,University Visvesvaraya College of Engineering,icpcpr252916,6:11:01,300,3,false
"1,256",1095601,MSN,Sardar Vallabhbhai National Institute of Technology,icpcpr252686,6:11:02,300,3,false
"1,257",1096070,SVGIIITcoders25,"Indian Institute of Information Technology Design and Manufacturing, Kurnool",icpcpr250851,6:13:33,300,3,false
"1,258",1106034,MaveRicks,Indian Institute of Technology - Ropar,icpcpr251506,6:13:35,300,3,true
"1,259",1085848,Seizure salad,"Vellore Institute of Technology, Chennai",icpcpr252990,6:14:23,300,3,false
"1,260",1081832,DSAxioms,National Institute of Technology Tiruchirappalli,icpcpr252255,6:15:52,300,3,false
"1,261",1089685,Meow,"Indian Institute of Technology, Madras",icpcpr251629,6:16:19,300,3,false
"1,262",1085552,NP Knights,Coimbatore Institute of Technology,icpcpr250475,6:17:23,300,3,false
"1,263",1095081,HNA,INDIAN INSTITUTE OF INFORMATION TECHNOLOGY BHAGALPUR,icpcpr250726,6:17:41,300,3,false
"1,264",1096814,Lotte Choco Pie,Vasavi College of Engineering,icpcpr252959,6:17:57,300,3,false
"1,265",1089933,nan,Indian Institute of Science Education and Research Bhopal,icpcpr251024,6:20:25,300,3,false
"1,266",1106163,Binary Dominator,KIET GROUP OF INSTITUTIONS,icpcpr251940,6:20:32,300,3,false
"1,267",1085819,BitByBitSNU,Shiv Nadar University Chennai,icpcpr252733,6:21:45,300,3,false
"1,268",1088297,Logic Crafters,VNR Vignana Jyothi Institute of Engineering & Technology,icpcpr252933,6:25:23,300,3,false
"1,269",1080479,CP_ACE,Atharva College of Engineering,icpcpr250263,6:26:37,300,3,false
"1,270",1111339,abcd_codess,IIT Bhubaneswar,icpcpr250719,6:27:56,300,3,true
"1,271",1096239,Magic Monk,"Jadavpur University, Kolkata",icpcpr251812,6:28:26,300,3,false
"1,272",1091967,RandomCoders,Chennai Institute of Technology,icpcpr250446,6:29:31,300,3,false
"1,273",1083393,O(N)icha,"Walchand College of Engineering, Sangli",icpcpr253029,6:30:06,300,3,false
"1,274",1109526,Neural Nexus,"Indian Institute of Engineering Science and Technology, Shibpur",icpcpr250769,6:31:29,300,3,false
"1,275",1113114,Team TriALS,Shri Vishnu Engineering College for Women,icpcpr252754,6:34:18,300,3,true
"1,276",1101813,SpeedHackers,Madan Mohan Malaviya University of Technology,icpcpr252039,6:34:27,300,3,false
"1,277",1097626,Daaksh,"Indian Institute of Engineering Science and Technology, Shibpur",icpcpr250761,6:36:42,300,3,false
"1,278",1087332,powerpuff_coderz,Jaypee Institute of Information Technology,icpcpr251849,6:37:51,300,3,true
"1,279",1111169,pretestandchill,"National Institute of Technology, Durgapur",icpcpr252302,6:42:21,300,3,false
"1,280",1084540,TLE-Minators,Sri Sivasubramaniya Nadar College of Engineering,icpcpr252817,6:44:27,300,3,false
"1,281",1094811,aye aye aye tea dilli,IIIT-Delhi,icpcpr250694,6:45:42,300,3,false
"1,282",1089687,PANDAS,"Indian Institute of Technology, Madras",icpcpr253057,6:49:08,300,3,false
"1,283",1091086,Three Pointers,"BITS-Pilani, Hyderabad Campus",icpcpr250310,6:50:16,300,3,false
"1,284",1114355,SPS,"University Institute of Engineering & Technology, CSJMU, Kanpur",icpcpr252905,6:56:16,300,3,false
"1,285",1083370,Hydra,Sri Shakthi Institute of Engineering & Technology,icpcpr252810,6:56:55,300,3,false
"1,286",1091802,codeHunters,KIET GROUP OF INSTITUTIONS,icpcpr251936,7:00:48,300,3,false
"1,287",1115344,COD D BUG,Thapar Institute of Engineering & Technology,icpcpr253056,7:02:17,300,3,false
"1,288",1077830,The III Tor-queues,"RV Institute of Technology and Management, Bangalore",icpcpr252578,7:02:18,300,3,false
"1,289",1090135,nan,"Indian Institute of Information Technology and Management, Gwalior",icpcpr250928,7:04:59,300,3,false
"1,290",1084154,O(m),Amrita School of Engineering Kollam,icpcpr250171,7:06:21,300,3,false
"1,291",1080434,Code Catalysts,KL University H,icpcpr251948,7:09:48,300,3,false
"1,292",1080691,Binary buddies,Sant Longowal Institute of Engineering and Technology,icpcpr252654,7:09:58,300,3,false
"1,293",1109830,Code_ninjas,Shri Govindram Seksaria Institute of Technology and Science,icpcpr252740,7:10:12,300,3,false
"1,294",1104532,IIITians,"Indian Institute of Information Technology, Dharwad",icpcpr250939,7:15:41,300,3,false
"1,295",1115608,nullptr,Jawaharlal Institute of Technology Borawan,icpcpr251842,7:16:59,300,3,true
"1,296",1100696,Mission-100-0-100,"PDPM Indian Institute of Information Technology Design & Manufacturing, Jabalpur",icpcpr252453,7:25:27,300,3,false
"1,297",1095604,Bit Smashers,Chandubhai S. Patel Institute of Technology,icpcpr250437,7:26:13,300,3,false
"1,298",1095009,71000TICKET,Amrita School of Engineering Bangalore,icpcpr250126,7:29:02,300,3,false
"1,299",1085502,Turing's Titan,Modern Education Society's College of Engineering,icpcpr252107,7:31:04,300,3,false
"1,300",1086916,Covalent Crew,Dr. Vishwanath Karad MIT World Peace University,icpcpr250576,7:36:36,300,3,false
"1,301",1077306,Main TLE dilaunga,Rajiv Gandhi Institute Of Petroleum Technology,icpcpr252586,7:37:07,300,3,false
"1,302",1091732,BITSinister,"BITS-Pilani, Goa Campus",icpcpr250296,7:50:12,300,3,false
"1,303",1111278,Big ohhh of 1,DJ Sanghvi College of Engineering,icpcpr250489,7:57:13,300,3,false
"1,304",1088771,Ekalavya,Vishwakarma Institute of Technology,icpcpr253010,8:03:37,300,3,false
"1,305",1104355,Now Or Never,"National Institute of Engineering, Mysore",icpcpr252171,8:10:19,300,3,false
"1,306",1099727,0xdeadbeef,MJP Rohilkhand University,icpcpr252035,8:17:14,300,3,false
"1,307",1094765,IC AC,"National Institute of Technology Karnataka, Surathkul",icpcpr252208,8:19:26,300,3,false
"1,308",1082218,Avinya,"Pimpri Chinchwad College of Engineering, Pune",icpcpr252506,8:21:08,300,3,false
"1,309",1115967,The Debug Slayers,Shri Vishnu Engineering College for Women,icpcpr252758,8:23:44,300,3,true
"1,310",1089225,WA_Test1,International Institute of Information Technology - Naya Raipur,icpcpr251725,8:26:32,300,3,false
"1,311",1111280,Snack Overflow,RV College of Engineering,icpcpr252576,8:34:49,300,3,false
"1,312",1094782,SSV Grand Hotel,RV College of Engineering,icpcpr252573,8:40:34,300,3,false
"1,313",1081718,Algonuts,"Pimpri Chinchwad College Of Engineering and Research, Pune",icpcpr252486,8:44:01,300,3,false
"1,314",1095129,NSM_coders,"Indian Institute of Information Technology, Sonepat",icpcpr250974,9:05:30,300,3,false
"1,315",1113427,NullPointers,"Siddaganga Institute of Technology, Tumkur",icpcpr252760,9:20:05,300,3,false
"1,316",1094820,Sig-abrt,Bennett University,icpcpr250330,9:22:04,300,3,false
"1,317",1083401,Chasers,Graphic Era University,icpcpr250647,9:35:03,300,3,false
"1,318",1114242,Buri Buri Ziamon,Indian Institute of Technology - Bombay,icpcpr251098,9:45:20,300,3,false
"1,319",1096196,Code Invaders,ABES Engineering College,icpcpr250008,10:03:05,300,3,false
"1,320",1110372,Oof1,Indian Institute of Technology - Gandhinagar,icpcpr251175,10:11:34,300,3,false
"1,321",1095488,BrainLE,Sardar Vallabhbhai National Institute of Technology,icpcpr252674,11:35:23,300,3,false
"1,322",1114875,Team Revenant,Dr. D.Y. Patil Institute of Technology,icpcpr250572,11:51:34,300,3,false
"1,323",1087761,npcoders,Techno Main Salt Lake (formerly known as Techno India Salt Lake),icpcpr252860,12:04:05,300,3,false
"1,324",1092305,Team Neon,National Institute of Technology Manipur,icpcpr252219,16:07:22,300,3,false
"1,325",1108948,Shinigami,Chandigarh University,icpcpr250419,19:15:30,300,3,false
"1,326",1087932,While( !AC ),Indian Institute of Technology - Gandhinagar,icpcpr251178,0:15:09,200,2,false
"1,327",1081564,Team ACV,"Pimpri Chinchwad College of Engineering, Pune",icpcpr252504,0:18:25,200,2,false
"1,328",1086437,Eliminators,International Institute of Information Technology - Bangalore,icpcpr251716,0:21:20,200,2,false
"1,329",1115546,HASH_IT,Sardar Patel Institute of Technology,icpcpr252667,0:23:19,200,2,false
"1,330",1096404,Raydium,Jaypee Institute of Information Technology,icpcpr251858,0:23:24,200,2,false
"1,331",1078750,CodeCerb3r,Amrita School of Computing Coimbatore,icpcpr250091,0:25:15,200,2,false
"1,332",1105462,GitForVits,Indian Institute of Information Technology Bhopal,icpcpr250818,0:25:37,200,2,false
"1,333",1097869,chadGPT,"Mukesh Patel School of Technology Management and Engineering, NMIMS University",icpcpr252144,0:26:00,200,2,false
"1,334",1084537,Simple,"Indian Institute of Engineering Science and Technology, Shibpur",icpcpr250765,0:27:24,200,2,false
"1,335",1082989,we-cook-bro,Amrita School of Computing Coimbatore,icpcpr250098,0:27:49,200,2,false
"1,336",1082591,FFT,"Jadavpur University, Kolkata",icpcpr251792,0:28:07,200,2,false
"1,337",1094778,Team Trio,Indian Institute of Technology - Ropar,icpcpr251531,0:29:30,200,2,false
"1,338",1094437,Runtime Hacker,Graphic Era Hill University,icpcpr250635,0:31:19,200,2,false
"1,339",1085920,ZeroLatency,"Indian Institute of Information Technology, Nagpur",icpcpr250971,0:31:24,200,2,false
"1,340",1111099,Compawtitive Pawgrammers,"Indian Institute of Information Technology, Nagpur",icpcpr250895,0:31:29,200,2,true
"1,341",1080734,Modulo Meteors,Amity University,icpcpr250083,0:31:52,200,2,false
"1,342",1093076,Code Blasters,Indian Institute Of Technology Jodhpur,icpcpr250750,0:32:29,200,2,false
"1,343",1090336,Losers,"Indian Institute of Information Technology, Tiruchirappalli",icpcpr250999,0:33:03,200,2,false
"1,344",1080458,3 Error,"Harcourt Butler Technical University, Kanpur",icpcpr250660,0:34:32,200,2,false
"1,345",1090556,Bawlerz,Indian Institute of Information Technology Pune,icpcpr250903,0:35:16,200,2,false
"1,346",1085003,Unknown_coders,Galgotias University,icpcpr250605,0:36:54,200,2,false
"1,347",1107972,CaseTest,"International Institute of Information Technology, Hyderabad",icpcpr251754,0:37:53,200,2,false
"1,348",1095214,15Wali3Chai,Indian Institute of Technology - Roorkee,icpcpr251469,0:37:57,200,2,false
"1,349",1115517,CodeSnipers,Shri Guru Gobind Singhji Institute of Engineering and Technology,icpcpr252743,0:39:05,200,2,false
"1,350",1111610,whyCP,The LNM Institute of Information Technology,icpcpr252899,0:39:13,200,2,false
"1,351",1105068,Kahnquerors,ABES Engineering College,icpcpr250007,0:39:57,200,2,false
"1,352",1092772,CodeTuah,Indian Institute of Technology - Ropar,icpcpr251527,0:40:17,200,2,false
"1,353",1088505,Papa Aagaye,Indian Institute of Technology - Ropar,icpcpr251504,0:41:12,200,2,false
"1,354",1084617,TEAM-TKB,Ajeenkya DY Patil University,icpcpr250050,0:42:16,200,2,true
"1,355",1086899,The Nameless Strings,National Institute of Technology Rourkela,icpcpr252237,0:42:22,200,2,false
"1,356",1092921,MISTBORN,Indian Institute of Technology - Roorkee,icpcpr251460,0:42:58,200,2,false
"1,357",1093610,Localhost:3000,Indian Institute of Information Technology Bhopal,icpcpr250808,0:43:37,200,2,false
"1,358",1105638,Team MOD,DIT University,icpcpr250480,0:43:39,200,2,false
"1,359",1097387,Soanpapdi,"K. J. Somaiya College of Engineering, Vidyavihar, Mumbai",icpcpr251904,0:45:38,200,2,false
"1,360",1091051,Untitled,International Institute of Information Technology Bhubaneswar,icpcpr251736,0:45:43,200,2,false
"1,361",1106657,RECURSIONX,"Shri Ramdeobaba College of Engineering and Management, Nagpur",icpcpr252751,0:45:55,200,2,false
"1,362",1111842,SacredGeeks,"Walchand College of Engineering, Sangli",icpcpr253037,0:46:58,200,2,false
"1,363",1096471,Koyna Express,"Walchand College of Engineering, Sangli",icpcpr253035,0:47:02,200,2,false
"1,364",1096313,Syntax_Slayers,KIET GROUP OF INSTITUTIONS,icpcpr251937,0:48:30,200,2,false
"1,365",1108118,DP square,Maharaja Surajmal Institute of Technology,icpcpr252068,0:48:33,200,2,false
"1,366",1095277,VectorVikings,National Institute of Technology Andhra Pradesh,icpcpr252183,0:49:25,200,2,false
"1,367",1107452,3 Segfaults,"International Institute of Information Technology, Hyderabad",icpcpr251764,0:49:28,200,2,false
"1,368",1092685,Flipping Bits,LDRP Institute of Technology and Research,icpcpr252007,0:49:55,200,2,false
"1,369",1095630,NPHARD,"University Institute of Engineering and Technology, Panjab University",icpcpr252911,0:50:19,200,2,false
"1,370",1096279,W&L,"Chattisgarh Swami Vivekanand Technical University, Bhilai",icpcpr250440,0:50:31,200,2,false
"1,371",1096538,lazy_caffeine_coders,Indian Institute of Technology - Kharagpur,icpcpr251339,0:50:56,200,2,false
"1,372",1086122,404,Pune Institute of Computer Technology,icpcpr252558,0:51:08,200,2,false
"1,373",1096191,THE SOUL SQUAD,Indian Institute of Technology - Kharagpur,icpcpr251361,0:51:17,200,2,false
"1,374",1088370,Code Cruisers,Indian Institute of Technology Bhilai,icpcpr251580,0:52:29,200,2,false
"1,375",1108123,Ash,"Saintgits College of Engineering, Kottayam",icpcpr252651,0:53:06,200,2,false
"1,376",1095487,Coffee Aur Code,Sardar Vallabhbhai National Institute of Technology,icpcpr252673,0:54:14,200,2,false
"1,377",1094204,Modulo-Magicians,IIT Bhubaneswar,icpcpr250714,0:54:22,200,2,false
"1,378",1105069,MIDIR,"National Institute of Technology, Raipur",icpcpr252356,0:54:49,200,2,false
"1,379",1077349,BinaryLift,"Jadavpur University, Kolkata",icpcpr251801,0:55:30,200,2,false
"1,380",1088259,BitByte,"Ajay Kumar Garg Engineering College, Ghaziabad",icpcpr250033,0:56:03,200,2,false
"1,381",1094706,WhiteWalkers,"National Institute of Technology Karnataka, Surathkul",icpcpr252200,0:57:08,200,2,false
"1,382",1090237,Jobless Engineers,Karpagam College of Engineering,icpcpr251975,0:57:20,200,2,false
"1,383",1097223,All is Well,"International Institute of Information Technology, Hyderabad",icpcpr251762,0:59:07,200,2,false
"1,384",1110112,triple_chocolate_sandwich,"Indian Institute of Information Technology, Nagpur",icpcpr250894,0:59:45,200,2,false
"1,385",1089478,BitShift,Thapar Institute of Engineering & Technology,icpcpr252873,0:59:46,200,2,false
"1,386",1111140,Log3(N),Chandigarh University,icpcpr250424,1:02:21,200,2,false
"1,387",1077289,DEVIN,"Shri Ramdeobaba College of Engineering and Management, Nagpur",icpcpr252745,1:02:42,200,2,false
"1,388",1109160,O (3),Vellore Institute of Technology,icpcpr252983,1:03:20,200,2,false
"1,389",1095486,BLITZ,Sardar Vallabhbhai National Institute of Technology,icpcpr252672,1:03:34,200,2,false
"1,390",1085153,Codex01,"GLA University, Mathura",icpcpr250597,1:03:42,200,2,false
"1,391",1084336,Prime Knights,Chennai Mathematical Institute,icpcpr250470,1:03:45,200,2,false
"1,392",1114979,Temperature,"Koneru Lakshmaiah College of Engineering, Guntur",icpcpr251993,1:03:47,200,2,false
"1,393",1082443,GareebRath,International Institute of Information Technology - Naya Raipur,icpcpr251723,1:04:14,200,2,false
"1,394",1108277,Runtime_error,"Dr. B R Ambedkar National Institute of Technology, Jalandhar",icpcpr250565,1:04:32,200,2,false
"1,395",1108624,CodeKick,"Kalinga Institute Of Industrial Technology,Bhubaneswar",icpcpr251965,1:05:19,200,2,false
"1,396",1087572,O(1),Indian Institute of Technology - Ropar,icpcpr251514,1:05:52,200,2,false
"1,397",1095412,team_name,Veermata Jijabai Technological Institute,icpcpr252967,1:06:20,200,2,false
"1,398",1093723,The Three Engineers,National Institute of Technology Rourkela,icpcpr252238,1:06:49,200,2,false
"1,399",1106253,Segmentation_Fault,VNR Vignana Jyothi Institute of Engineering & Technology,icpcpr252943,1:07:00,200,2,false
"1,400",1095250,TECH_CLAN,"GLA University, Mathura",icpcpr250600,1:07:02,200,2,false
"1,401",1094884,3byte,"Bhilai Institute of Technology, Durg",icpcpr250336,1:07:31,200,2,false
"1,402",1110039,43_44_45,Indian Institute of Technology - Guwahati,icpcpr251207,1:08:01,200,2,true
"1,403",1085510,TeCHPHoeNiX,Indian Institute of Technology - Ropar,icpcpr251513,1:08:13,200,2,false
"1,404",1090356,Trident,Swami Vivekananda Yoga Anusandhana Samsthana,icpcpr252855,1:08:15,200,2,false
"1,405",1096183,Orion,"International Institute of Information Technology, Hyderabad",icpcpr251759,1:08:16,200,2,true
"1,406",1109923,VENOM,VNR Vignana Jyothi Institute of Engineering & Technology,icpcpr252951,1:08:33,200,2,false
"1,407",1092396,Executors,Graphic Era Hill University,icpcpr250644,1:08:39,200,2,false
"1,408",1109496,Sparkd,Amrita School of Computing Coimbatore,icpcpr250100,1:10:03,200,2,false
"1,409",1082346,wassup_dude,"Lakshmi narain college of technology,bhopal",icpcpr252010,1:10:22,200,2,false
"1,410",1094874,Ambush,Ajeenkya DY Patil University,icpcpr250051,1:10:44,200,2,false
"1,411",1097519,Compile_Time_Error,IIT Bhubaneswar,icpcpr250718,1:11:19,200,2,false
"1,412",1088109,t_cube,"Institute of Engineering & Technology, Lucknow",icpcpr251680,1:11:19,200,2,false
"1,413",1088227,DAUOO,International Institute of Information Technology - Naya Raipur,icpcpr251730,1:11:50,200,2,false
"1,414",1103440,Code Debuggers,Madanapalle Institute of Technology & Science,icpcpr252052,1:12:43,200,2,false
"1,415",1084568,Man-O-War,Ajeenkya DY Patil University,icpcpr250042,1:12:55,200,2,false
"1,416",1078594,HOX ALPHA,Coimbatore Institute of Technology,icpcpr250473,1:13:11,200,2,false
"1,417",1093029,Missing Semicolon,Chennai Institute of Technology,icpcpr250449,1:13:58,200,2,false
"1,418",1094702,Thala_113,"National Institute of Technology Karnataka, Surathkul",icpcpr252198,1:14:29,200,2,false
"1,419",1085933,RunTime Terrors,"Pimpri Chinchwad College of Engineering, Pune",icpcpr252511,1:14:29,200,2,false
"1,420",1111234,BitmaskHashira,"Indian Institute of Information Technology, Nagpur",icpcpr250896,1:14:40,200,2,false
"1,421",1100936,Pseudo_Nerds,Maharaja Agrasen Institute of Technology,icpcpr252060,1:15:19,200,2,false
"1,422",1092559,Zukzag,"Jadavpur University, Kolkata",icpcpr251810,1:15:23,200,2,false
"1,423",1096288,Yellow,Jaypee Institute of Information Technology,icpcpr251857,1:17:01,200,2,false
"1,424",1078408,3 pointers,National Institute of Technology Tiruchirappalli,icpcpr252268,1:17:37,200,2,false
"1,425",1077829,Clarions,Dronacharya College of Engineering,icpcpr250580,1:17:53,200,2,false
"1,426",1081086,CTRL ALT DEL,Indian Institute of Information Technology Design and Manufacturing Kancheepuram,icpcpr250823,1:18:08,200,2,false
"1,427",1091663,See++,Chennai Institute of Technology,icpcpr250445,1:18:21,200,2,false
"1,428",1095255,errorists,Indian Institute of Information Technology Guwahati,icpcpr250855,1:18:38,200,2,false
"1,429",1084491,Packet Ninjas,Amrita Vishwa Vidyapeetham Mysuru Campus,icpcpr250086,1:18:57,200,2,false
"1,430",1094284,Siuu++,SRM Institute of Science and Technology,icpcpr252638,1:19:39,200,2,false
"1,431",1087339,Error-404,Jaypee Institute of Information Technology,icpcpr251851,1:19:44,200,2,false
"1,432",1104722,Codecrushers,Malaviya National Institute of Technology Jaipur,icpcpr252073,1:19:55,200,2,true
"1,433",1115224,Sorted Souls,Sreenidhi Institute of Science and Technology,icpcpr252782,1:19:59,200,2,false
"1,434",1110250,SyntaxError,DJ Sanghvi College of Engineering,icpcpr250501,1:20:35,200,2,true
"1,435",1106107,Arcedia,"National Institute of Technology, Durgapur",icpcpr252305,1:20:53,200,2,false
"1,436",1090466,Algo_Ninjas,Indian Institute of Technology - Ropar,icpcpr251524,1:21:32,200,2,true
"1,437",1089552,WD18,Indian Institute of Technology - Delhi,icpcpr251143,1:21:46,200,2,true
"1,438",1092290,Try em hard,"Dhirubhai Ambani Institute of Information and Communication Technology, Gandhinagar",icpcpr250557,1:21:58,200,2,false
"1,439",1089721,KSA,"Birla Institute of Technology and Science, Pilani Campus",icpcpr250363,1:23:06,200,2,false
"1,440",1109399,PVPSIT_CSE_2,Prasad V. Potluri Siddhartha Institute of Technology,icpcpr252539,1:23:38,200,2,false
"1,441",1096477,Binary Fetch,Thadomal Shahani Engineering College,icpcpr252864,1:24:44,200,2,false
"1,442",1084556,Euler's Knights,Sri Sivasubramaniya Nadar College of Engineering,icpcpr252822,1:25:07,200,2,false
"1,443",1088378,Code Crusaders,Indian Institute of Technology Bhilai,icpcpr251589,1:25:12,200,2,false
"1,444",1104653,HaShEs,Indian Institute of Technology - Bombay,icpcpr251095,1:25:16,200,2,false
"1,445",1109230,Cassata,Indian Institute of Technology - Guwahati,icpcpr251221,1:26:01,200,2,true
"1,446",1103072,Queue-ties,"Jadavpur University, Kolkata",icpcpr251813,1:26:27,200,2,false
"1,447",1105492,Brute_force,Indian Institute of Technology - Guwahati,icpcpr251185,1:27:03,200,2,true
"1,448",1078703,SKYNET,"Shri Ramdeobaba College of Engineering and Management, Nagpur",icpcpr252747,1:27:09,200,2,false
"1,449",1091651,Ragnarok,Chennai Institute of Technology,icpcpr250443,1:27:12,200,2,false
"1,450",1096107,Bengali_Babus,"SRM Institute of Science and Technology, Ramapuram Campus",icpcpr252649,1:28:05,200,2,false
"1,451",1108571,Null__Pointer,"BITS-Pilani, Goa Campus",icpcpr250299,1:29:02,200,2,false
"1,452",1091159,Logn legends,Sreenidhi Institute of Science and Technology,icpcpr252781,1:29:13,200,2,false
"1,453",1114889,Team_404,"Indian Institute of Information Technology, Una",icpcpr251016,1:29:26,200,2,false
"1,454",1096646,ARRAY DEQUE,Shri Shankaracharya Technical Campus,icpcpr252753,1:29:28,200,2,false
"1,455",1095408,XOR BOYS,Veermata Jijabai Technological Institute,icpcpr252966,1:29:31,200,2,false
"1,456",1093283,SachinKaShrikhandh,"Walchand College of Engineering, Sangli",icpcpr253034,1:29:53,200,2,false
"1,457",1109074,Visarjan,The LNM Institute of Information Technology,icpcpr252898,1:30:05,200,2,false
"1,458",1091796,Nirbit,"Ajay Kumar Garg Engineering College, Ghaziabad",icpcpr250041,1:30:21,200,2,false
"1,459",1087800,Potato_coders,"Indian Institute of Technology (ISM), Dhanbad",icpcpr251049,1:30:59,200,2,false
"1,460",1094866,The Ace,Galgotias University,icpcpr250606,1:31:06,200,2,false
"1,461",1116099,HAVOC,Jaipur Engineering College & Research Centre,icpcpr251828,1:32:45,200,2,false
"1,462",1095317,Problem_Explorers,Rishihood University,icpcpr252606,1:33:11,200,2,false
"1,463",1094763,Cherry Blossom Rebels,"National Institute of Technology Karnataka, Surathkul",icpcpr252207,1:33:51,200,2,false
"1,464",1076481,BugByte,Geetanjali Institute of Technical Studies,icpcpr250627,1:34:40,200,2,false
"1,465",1103411,VibeCoders,Vishwakarma Institute of Technology,icpcpr253017,1:34:55,200,2,false
"1,466",1096276,RedCoderz,PSG Institute of Technology and Applied Research,icpcpr252466,1:35:58,200,2,false
"1,467",1100701,Murugan,Veermata Jijabai Technological Institute,icpcpr252974,1:36:18,200,2,false
"1,468",1087197,Algocrafters,"Indian Institute of Technology (ISM), Dhanbad",icpcpr251062,1:36:33,200,2,false
"1,469",1091729,The CS Conglomerate,"BITS-Pilani, Goa Campus",icpcpr250284,1:36:38,200,2,false
"1,470",1085288,Bot Coders,"Indian Institute of Technology (ISM), Dhanbad",icpcpr251051,1:38:07,200,2,false
"1,471",1108566,Syntax_Error,"BITS-Pilani, Goa Campus",icpcpr250297,1:38:43,200,2,false
"1,472",1087756,3Sum,Jalpaiguri Government Engineering College- Maulana Abul Kalam Azad University of Technology,icpcpr251834,1:38:55,200,2,false
"1,473",1086171,ByteWars,Ganeshi Lal Bajaj Insititute of Technology and Management,icpcpr250615,1:39:05,200,2,false
"1,474",1086020,PSP_Rank_1,Rishihood University,icpcpr252599,1:39:18,200,2,false
"1,475",1109227,Hare_Krishna,Indian Institute of Technology - Guwahati,icpcpr251204,1:39:21,200,2,false
"1,476",1077844,VisitorsLemma,Sri Manakula Vinayagar Engineering College,icpcpr252808,1:40:35,200,2,false
"1,477",1115386,HACKZEN,CMR Technical Campus,icpcpr250398,1:41:40,200,2,true
"1,478",1081744,Shaktiman,Maulana Azad National Institute of Technology Bhopal,icpcpr252095,1:42:35,200,2,false
"1,479",1093080,TLE Eliminator,Indian Institute Of Technology Jodhpur,icpcpr250751,1:43:35,200,2,false
"1,480",1094195,Angry Birds,Siddaganga Institute of Technology,icpcpr252759,1:44:23,200,2,false
"1,481",1112152,PVPSIT_CSE_6,Prasad V. Potluri Siddhartha Institute of Technology,icpcpr252540,1:44:36,200,2,false
"1,482",1109445,Runtime_terror,Ganeshi Lal Bajaj Insititute of Technology and Management,icpcpr250608,1:45:02,200,2,false
"1,483",1102812,Ramsetu,Madan Mohan Malaviya University of Technology,icpcpr252046,1:45:54,200,2,false
"1,484",1092914,TAP,Indian Institute of Technology - Roorkee,icpcpr251457,1:46:05,200,2,false
"1,485",1111924,Systum,"Indian Institute of Information Technology, Nagpur",icpcpr250897,1:46:10,200,2,false
"1,486",1093106,while(Alive) Code++;,Indian Institute Of Technology Jodhpur,icpcpr250752,1:46:17,200,2,false
"1,487",1095069,SGK,"Indian Institute of Information Technology, Una",icpcpr251012,1:46:45,200,2,false
"1,488",1089612,Compilix,Swami Vivekananda Yoga Anusandhana Samsthana,icpcpr252852,1:47:46,200,2,false
"1,489",1094767,O(nic),"National Institute of Technology Karnataka, Surathkul",icpcpr252209,1:47:50,200,2,false
"1,490",1095943,Overclocked,Kumaraguru College of Technology,icpcpr252003,1:48:13,200,2,false
"1,491",1077274,VU - Tourist,"Vignan University, Guntur",icpcpr253004,1:48:15,200,2,false
"1,492",1107473,ELEVATE,RV College of Engineering,icpcpr252575,1:48:16,200,2,true
"1,493",1085042,Stellar,LDRP Institute of Technology and Research,icpcpr252006,1:48:24,200,2,false
"1,494",1093788,ThreeDDP,Shri Govindram Seksaria Institute of Technology and Science,icpcpr252738,1:48:28,200,2,false
"1,495",1087574,OG_Strikes_back,Indian Institute of Technology - Ropar,icpcpr251515,1:49:30,200,2,false
"1,496",1081359,Coding Cravers,Sri Eshwar College of Engineering,icpcpr252801,1:49:34,200,2,false
"1,497",1088383,TechSapiens,Indian Institute of Technology Bhilai,icpcpr251584,1:50:15,200,2,false
"1,498",1078890,Gvp,"Gayatri Vidya Parishad College of Engineering, Visakhapatnam",icpcpr250622,1:50:17,200,2,true
"1,499",1081376,Code Finders,"National Institute of Technology, Kurukshetra",icpcpr252336,1:50:20,200,2,false
"1,500",1094759,RadheKrishna,Rajasthan Technical University Kota,icpcpr252584,1:50:44,200,2,false
"1,501",1099502,thrice,"National Institute of Technology, Silchar",icpcpr252379,1:51:33,200,2,true
"1,502",1094994,Opcode,"Visvesvaraya National Institute of Technology, Nagpur",icpcpr253020,1:51:43,200,2,false
"1,503",1087959,MVIT_tourists,Sir M. Visvesvaraya Institute of Technology,icpcpr252767,1:52:06,200,2,false
"1,504",1091694,NKMify,IIIT-Delhi,icpcpr250689,1:52:11,200,2,false
"1,505",1094750,Praveen & GnG,Sri Sivasubramaniya Nadar College of Engineering,icpcpr252824,1:52:24,200,2,false
"1,506",1104418,CodeKrafters,Dr. Vishwanath Karad MIT World Peace University,icpcpr250567,1:53:48,200,2,false
"1,507",1113092,Utopia,Thapar Institute of Engineering & Technology,icpcpr252875,1:54:12,200,2,false
"1,508",1090172,Genesis,"Ajay Kumar Garg Engineering College, Ghaziabad",icpcpr250035,1:54:40,200,2,false
"1,509",1103539,PEGASIS,Muthoot Institute of Technology and Science,icpcpr252158,1:54:46,200,2,false
"1,510",1086433,Roasted Kabab,International Institute of Information Technology - Bangalore,icpcpr251704,1:55:32,200,2,false
"1,511",1104321,PseudoForce,Nirma University,icpcpr252430,1:55:56,200,2,false
"1,512",1080460,Binary Brains,"Harcourt Butler Technical University, Kanpur",icpcpr250661,1:56:03,200,2,true
"1,513",1091175,jigyasu_paglus,Rishihood University,icpcpr252613,1:56:56,200,2,false
"1,514",1085568,CodePuffGirls,Indian Institute of Information Technology Kottayam,icpcpr250877,1:59:17,200,2,true
"1,515",1088118,XLR8,"Institute of Engineering & Technology, Lucknow",icpcpr251689,1:59:49,200,2,false
"1,516",1088581,DantKanti_Fanclub,Indian Institute of Technology - Delhi,icpcpr251110,2:00:50,200,2,false
"1,517",1077261,Codeblooded,Nirma University,icpcpr252421,2:02:40,200,2,true
"1,518",1104404,whiteboard,Netaji Subhas University Of Technology,icpcpr252401,2:02:51,200,2,false
"1,519",1111830,ByteWise,Indira Gandhi Delhi Technical University for Women,icpcpr251675,2:03:06,200,2,true
"1,520",1085038,Segmentation Fault,Narula Institute of Technology,icpcpr252167,2:03:08,200,2,false
"1,521",1112756,Runtime Rookies,K.R. Mangalam University,icpcpr251913,2:03:36,200,2,false
"1,522",1109511,Spartans,"Indian Institute of Engineering Science and Technology, Shibpur",icpcpr250768,2:04:36,200,2,false
"1,523",1092287,Localhost,Gautam Buddha University,icpcpr250616,2:04:58,200,2,false
"1,524",1114618,_infinity_,Dr. D.Y. Patil Institute of Technology,icpcpr250571,2:05:24,200,2,false
"1,525",1100711,HackHer,Bihar Engineering University,icpcpr250337,2:07:11,200,2,true
"1,526",1112915,Team_Hello_World,"National Institute of Technology Puducherry, Karaikal",icpcpr252225,2:07:28,200,2,false
"1,527",1092282,bits/stdcpp.h,"Dhirubhai Ambani Institute of Information and Communication Technology, Gandhinagar",icpcpr250546,2:07:40,200,2,false
"1,528",1086737,Straw Hats,VNR Vignana Jyothi Institute of Engineering & Technology,icpcpr252930,2:07:52,200,2,false
"1,529",1092978,67,Indian Institute of Technology - Roorkee,icpcpr251461,2:07:55,200,2,false
"1,530",1084035,iseepc,Indian Institute of Technology - Kharagpur,icpcpr251355,2:10:17,200,2,false
"1,531",1095674,Devs Assembly,"Walchand College of Engineering, Sangli",icpcpr253031,2:10:47,200,2,false
"1,532",1084028,CodeBlooded,"G.H. Raisoni College of Engineering and Management, Pune",icpcpr250591,2:10:58,200,2,true
"1,533",1088715,SRT,Indian Institute of Technology - Ropar,icpcpr251521,2:11:18,200,2,false
"1,534",1111772,Tungsten Carbide,Malaviya National Institute of Technology Jaipur,icpcpr252074,2:11:49,200,2,false
"1,535",1096715,recurz,Indian Institute of Technology - Patna,icpcpr251417,2:12:40,200,2,false
"1,536",1104316,Coding Igniter,"National Institute of Technology, Patna",icpcpr252344,2:13:30,200,2,false
"1,537",1114976,Expectation _Handlers,Amrita School of Engineering Kollam,icpcpr250175,2:13:37,200,2,false
"1,538",1085417,Top_Gunners,Puducherry Technological University,icpcpr252550,2:13:49,200,2,false
"1,539",1109874,THE OPTIMIZERS,National Institute of Technology - Agartala,icpcpr252181,2:14:31,200,2,false
"1,540",1108577,Hake,"BITS-Pilani, Goa Campus",icpcpr250302,2:14:51,200,2,false
"1,541",1091023,Shinnosuke,"Indian Institute of Information Technology, Lucknow",icpcpr250960,2:16:20,200,2,false
"1,542",1093262,Paneer_Tikka,Indian Institute of Information Technology Allahabad,icpcpr250804,2:16:30,200,2,false
"1,543",1080832,hello_world,Ambalika Institute of Management and Technology,icpcpr250082,2:16:51,200,2,false
"1,544",1105682,Codemonkey,Chandigarh University,icpcpr250411,2:17:23,200,2,false
"1,545",1082737,ANR,"Indian Institute of Information Technology, Una",icpcpr251005,2:18:49,200,2,false
"1,546",1109238,dangling_pointers,Indian Institute of Technology - Guwahati,icpcpr251222,2:19:32,200,2,false
"1,547",1114589,BhenCoders,KLE Dr. M. S. Sheshgiri College of Engineering and Technology,icpcpr251949,2:19:56,200,2,false
"1,548",1083369,Alpha,Sri Shakthi Institute of Engineering & Technology,icpcpr252809,2:21:00,200,2,false
"1,549",1112753,CapeTheRoad,K.R. Mangalam University,icpcpr251911,2:21:13,200,2,false
"1,550",1105782,64-bit maskers,"PDPM Indian Institute of Information Technology Design & Manufacturing, Jabalpur",icpcpr252454,2:22:17,200,2,false
"1,551",1084613,NextTime,Ajeenkya DY Patil University,icpcpr250047,2:22:40,200,2,false
"1,552",1089731,whydowecode,"Birla Institute of Technology and Science, Pilani Campus",icpcpr250346,2:22:44,200,2,false
"1,553",1083744,easypeasy,All India Shri Shivaji Memorial Society's Institute of Information Technology Pune,icpcpr250026,2:22:59,200,2,false
"1,554",1096415,Code3x,"Indian Institute of Information Technology Design and Manufacturing, Kurnool",icpcpr250853,2:23:01,200,2,true
"1,555",1083780,1E9+7,SRM Institute of Science and Technology,icpcpr252643,2:23:31,200,2,false
"1,556",1088379,JaSant,Indian Institute of Technology Bhilai,icpcpr251582,2:24:02,200,2,false
"1,557",1108976,404_FundaNotFound,"National Institute of Technology, Durgapur",icpcpr252301,2:24:16,200,2,false
"1,558",1084037,coder,Dharmsinh Desai Institute of Technology,icpcpr250539,2:25:45,200,2,false
"1,559",1081323,TLE Girls,"Jadavpur University, Kolkata",icpcpr251807,2:25:48,200,2,true
"1,560",1085799,Bytes7,All India Shri Shivaji Memorial Society's Institute of Information Technology Pune,icpcpr250080,2:25:52,200,2,false
"1,561",1101815,XOR,Madan Mohan Malaviya University of Technology,icpcpr252045,2:29:07,200,2,false
"1,562",1090467,Master Decoders,Indian Institute of Technology - Ropar,icpcpr251505,2:29:26,200,2,false
"1,563",1115269,Qubit Iris,"JIS College of Engineering, Kalyani",icpcpr251777,2:29:53,200,2,false
"1,564",1085935,Sword of the Morning,"International Institute of Information Technology (I²IT), Pune",icpcpr251697,2:30:22,200,2,false
"1,565",1103429,CodeWhisperers,SIES Graduate School of Technology,icpcpr252636,2:30:37,200,2,true
"1,566",1090997,Lazzies,"Indian Institute of Information Technology, Lucknow",icpcpr250956,2:31:17,200,2,false
"1,567",1112758,The Axiom,K.R. Mangalam University,icpcpr251915,2:31:24,200,2,false
"1,568",1081841,AlgoX,National Institute of Technology Tiruchirappalli,icpcpr252270,2:31:44,200,2,false
"1,569",1089290,Sai kripa,Jaypee Institute of Information Technology,icpcpr251868,2:31:58,200,2,false
"1,570",1108310,X Hunter,Indira Gandhi Delhi Technical University for Women,icpcpr251674,2:32:05,200,2,true
"1,571",1085961,GitGud,Dr. B. C. Roy Engineering College - Durgapur,icpcpr250569,2:32:06,200,2,false
"1,572",1091991,QuestSolver,Indira Gandhi Delhi Technical University for Women,icpcpr251672,2:33:05,200,2,true
"1,573",1078669,Syntax_Terrorists,KIET GROUP OF INSTITUTIONS,icpcpr251927,2:33:59,200,2,false
"1,574",1082486,TLE Triggerers,Sri Eshwar College of Engineering,icpcpr252802,2:35:53,200,2,false
"1,575",1095520,KLARION,National Institute of Technology Meghalaya,icpcpr252222,2:35:59,200,2,false
"1,576",1082156,Bro code,Amrita School of Engineering Chennai,icpcpr250167,2:37:12,200,2,false
"1,577",1096883,TLe_Warrior,Axis Institute of Technology and Management,icpcpr250265,2:38:26,200,2,false
"1,578",1097478,UG_coders,"Jadavpur University, Kolkata",icpcpr251824,2:38:40,200,2,false
"1,579",1099571,Anti_Matters,"Ajay Kumar Garg Engineering College, Ghaziabad",icpcpr250039,2:39:04,200,2,false
"1,580",1080411,Algae,BIT Sindri,icpcpr250275,2:40:36,200,2,false
"1,581",1114400,V2Y Coders,"Indian Institute of Technology, Palakkad",icpcpr251663,2:40:55,200,2,false
"1,582",1093717,Error 203,"Indian Institute of Information Technology, Dharwad",icpcpr250934,2:42:47,200,2,false
"1,583",1085097,The Hurdles,KIET GROUP OF INSTITUTIONS,icpcpr251935,2:42:53,200,2,false
"1,584",1108583,ballersbpgc,"BITS-Pilani, Goa Campus",icpcpr250289,2:43:20,200,2,false
"1,585",1095347,Sigmoid,Indian Institute of Technology - Patna,icpcpr251410,2:43:31,200,2,false
"1,586",1088262,vecTOR,Sant Longowal Institute of Engineering and Technology,icpcpr252656,2:45:05,200,2,false
"1,587",1109975,Rumbling,"PDPM Indian Institute of Information Technology Design & Manufacturing, Jabalpur",icpcpr252456,2:45:13,200,2,false
"1,588",1096685,HootHoot,VIT Bhopal University,icpcpr252925,2:48:29,200,2,false
"1,589",1089746,NullPointer,Bennett University,icpcpr250329,2:49:24,200,2,false
"1,590",1104994,Powerpuff_Girls,Rishihood University,icpcpr252607,2:49:44,200,2,true
"1,591",1097424,AlgoQueen,Netaji Subhas University Of Technology,icpcpr252397,2:50:55,200,2,true
"1,592",1092780,404 Not Found,Indian Institute of Technology - Ropar,icpcpr251528,2:51:33,200,2,false
"1,593",1115883,PowerUP,Anurag University,icpcpr250250,2:52:01,200,2,false
"1,594",1089259,Null Pointer,Indian Institute of Technology - Delhi,icpcpr251137,2:52:31,200,2,false
"1,595",1091309,Codecubed,Chennai Institute of Technology,icpcpr250442,2:54:51,200,2,true
"1,596",1077292,ACE,KIET GROUP OF INSTITUTIONS,icpcpr251924,2:56:16,200,2,false
"1,597",1087646,Bandits,Jalpaiguri Government Engineering College- Maulana Abul Kalam Azad University of Technology,icpcpr251832,2:56:57,200,2,false
"1,598",1109384,Wraith Chasers,"Indian Institute of Information Technology, Una",icpcpr251019,2:57:14,200,2,false
"1,599",1095044,TeamXorGate,Maulana Azad National Institute of Technology Bhopal,icpcpr252097,2:57:38,200,2,false
"1,600",1104541,Arjuna'sArray,M.S. Ramaiah Institute of Technology,icpcpr252020,2:57:41,200,2,false
"1,601",1097984,Ripple,Indian Institute of Technology - Guwahati,icpcpr251180,2:59:06,200,2,true
"1,602",1085226,Nightfarers,Amrita School of Engineering Bangalore,icpcpr250105,2:59:11,200,2,false
"1,603",1080780,Code-O-Titans,S.B. Jain Institute of Technology Management & Research,icpcpr252623,2:59:16,200,2,false
"1,604",1097567,ONYX,Ajeenkya DY Patil University,icpcpr250056,3:00:00,200,2,false
"1,605",1087403,Stack Underflow,Indian Institute of Technology - Ropar,icpcpr251500,3:00:34,200,2,true
"1,606",1082222,Learners,Amrita School of Engineering Chennai,icpcpr250168,3:00:39,200,2,false
"1,607",1087873,Cheetah,Jabalpur Engineering College,icpcpr251787,3:01:35,200,2,false
"1,608",1115748,RoversXT,Anurag University,icpcpr250249,3:03:37,200,2,false
"1,609",1088548,OG,"Vellore Institute of Technology, Chennai",icpcpr252995,3:03:42,200,2,false
"1,610",1111200,Hustlers,Veermata Jijabai Technological Institute,icpcpr252976,3:03:52,200,2,false
"1,611",1108909,Trie Pointers,National Institute of Technology Andhra Pradesh,icpcpr252184,3:05:35,200,2,false
"1,612",1080132,TRIFORCE,"Shri Ramdeobaba College of Engineering and Management, Nagpur",icpcpr252748,3:06:17,200,2,false
"1,613",1109629,Tri-Code,Indian Statistical Institute,icpcpr251665,3:06:33,200,2,true
"1,614",1083740,while(true),Indian Institute of Information Technology Kottayam,icpcpr250881,3:06:42,200,2,false
"1,615",1093133,Biscuit coders,Indian Institute of Technology - Ropar,icpcpr251529,3:07:04,200,2,false
"1,616",1081721,3Wisemen,"TECHNO INDIA UNIVERSITY, WEST BENGAL",icpcpr252859,3:07:09,200,2,false
"1,617",1091056,Burrata,International Institute of Information Technology Bhubaneswar,icpcpr251737,3:07:39,200,2,false
"1,618",1094678,Codemon,Sri Shakthi Institute of Engineering & Technology,icpcpr252812,3:07:39,200,2,false
"1,619",1103042,Div1 dropouts,Shah & Anchor Kutchhi Engineering College,icpcpr252727,3:07:49,200,2,false
"1,620",1089927,TECH_TEAM,"Indian Institute of Information Technology, Una",icpcpr251010,3:08:27,200,2,false
"1,621",1077825,Siang,"National Institute of Technology, Silchar",icpcpr252375,3:10:40,200,2,false
"1,622",1113648,init_win-it,Oriental Institute of Science and Technology - Bhopal,icpcpr252440,3:11:35,200,2,false
"1,623",1105951,Heroes of Hell,"Indian Institute of Information Technology, Lucknow",icpcpr250952,3:11:53,200,2,false
"1,624",1080847,NP_Hard,Thapar Institute of Engineering & Technology,icpcpr252877,3:13:03,200,2,false
"1,625",1095554,CodeRangers,KLE Technological University,icpcpr251954,3:13:12,200,2,false
"1,626",1095736,dixie normus,Amrita School of Engineering Bangalore,icpcpr250140,3:13:55,200,2,false
"1,627",1091050,in_queue,"Kalinga Institute Of Industrial Technology,Bhubaneswar",icpcpr251961,3:14:13,200,2,true
"1,628",1090883,Bug Slayers,Karpagam College of Engineering,icpcpr251984,3:15:00,200,2,false
"1,629",1097276,codeNexus,Indian Institute of Information Technology Manipur,icpcpr250919,3:15:22,200,2,false
"1,630",1097354,Debuggers,KIET GROUP OF INSTITUTIONS,icpcpr251938,3:15:33,200,2,false
"1,631",1085871,coutvvv,Thadomal Shahani Engineering College,icpcpr252863,3:16:36,200,2,false
"1,632",1101814,TracerBullet,Madan Mohan Malaviya University of Technology,icpcpr252044,3:16:51,200,2,false
"1,633",1112773,2Fast4Bugs,DJ Sanghvi College of Engineering,icpcpr250505,3:17:24,200,2,false
"1,634",1087147,chill_guys,VNR Vignana Jyothi Institute of Engineering & Technology,icpcpr252932,3:18:03,200,2,false
"1,635",1103217,Star Wars,Indian Institute of Technology - Delhi,icpcpr251129,3:19:59,200,2,false
"1,636",1097239,Charlizard,"K. J. Somaiya College of Engineering, Vidyavihar, Mumbai",icpcpr251903,3:20:18,200,2,true
"1,637",1082789,SecFive,B. M. S. College of Engineering,icpcpr250266,3:20:35,200,2,false
"1,638",1079147,3pointer,Dronacharya College of Engineering,icpcpr250582,3:21:06,200,2,false
"1,639",1089791,TeamPrime,Shri Guru Gobind Singhji Institute of Engineering and Technology,icpcpr252742,3:21:55,200,2,false
"1,640",1092417,Avocado,"BITS-Pilani, Hyderabad Campus",icpcpr250316,3:22:00,200,2,false
"1,641",1095303,Flash,Indian Institute of Information Technology Guwahati,icpcpr250857,3:22:18,200,2,false
"1,642",1092083,alpha7,Delhi Technological University(Formerly DCE),icpcpr250521,3:24:27,200,2,false
"1,643",1090851,Code Bloods,Karpagam College of Engineering,icpcpr251977,3:25:07,200,2,false
"1,644",1077009,SternRitter,Shri Govindram Seksaria Institute of Technology and Science,icpcpr252737,3:25:20,200,2,false
"1,645",1086326,Codex__,Physics Wallah Institute of Innovation,icpcpr252484,3:25:46,200,2,false
"1,646",1093178,Syntax Sisters,**Institute Name to be defined,icpcpr252710,3:26:31,200,2,true
"1,647",1094758,ALGOCRAFTERS,Vellore Institute of Technology,icpcpr252981,3:26:37,200,2,false
"1,648",1092920,dynamicode,Indian Institute of Technology - Roorkee,icpcpr251459,3:27:05,200,2,false
"1,649",1113973,AlphaCoders,"Gayatri Vidya Parishad College of Engineering, Visakhapatnam",icpcpr250626,3:32:39,200,2,false
"1,650",1095139,rm -rf/,Shri Govindram Seksaria Institute of Technology and Science,icpcpr252736,3:32:50,200,2,false
"1,651",1105642,Gen Z,National Institute of Technology Rourkela,icpcpr252242,3:32:52,200,2,false
"1,652",1107543,Algorithm Amazons,"National Institute of Technology, Durgapur",icpcpr252307,3:32:56,200,2,true
"1,653",1095033,Indomitable,DJ Sanghvi College of Engineering,icpcpr250484,3:33:17,200,2,false
"1,654",1095551,CIPHER,Sardar Vallabhbhai National Institute of Technology,icpcpr252685,3:34:30,200,2,true
"1,655",1085430,SoManShaw,"Indian Institute of Engineering Science and Technology, Shibpur",icpcpr250766,3:35:50,200,2,false
"1,656",1091134,404.cpp,"Indian Institute of Information Technology, Lucknow",icpcpr250963,3:37:56,200,2,false
"1,657",1082742,Samosa Squad,Jawaharlal Nehru University,icpcpr251844,3:38:43,200,2,false
"1,658",1107866,Amritapuri Jaenge,Sardar Patel Institute of Technology,icpcpr252661,3:42:15,200,2,false
"1,659",1092545,Aloo Bhujiya,Indian Institute of Technology - Indore,icpcpr251266,3:42:56,200,2,false
"1,660",1092993,Segmentation Fakers,University School of Information Technology,icpcpr252915,3:42:57,200,2,false
"1,661",1080464,Hard Coders,Veermata Jijabai Technological Institute,icpcpr252973,3:44:13,200,2,false
"1,662",1105028,O(log N),"Kalinga Institute Of Industrial Technology,Bhubaneswar",icpcpr251963,3:45:04,200,2,false
"1,663",1093290,Krish,Indian Institute of Information Technology Pune,icpcpr250912,3:45:26,200,2,false
"1,664",1097848,cipher pol,CMR College of Engineering & Technology,icpcpr250395,3:45:42,200,2,false
"1,665",1095527,CTRL Freaks,Sardar Vallabhbhai National Institute of Technology,icpcpr252679,3:46:11,200,2,false
"1,666",1103628,elixr,Rajkiya Engineering College Azamgarh,icpcpr252593,3:46:31,200,2,false
"1,667",1104737,Bit Solvers,CMR College of Engineering & Technology,icpcpr250396,3:46:42,200,2,false
"1,668",1094716,Angry_Goldfish,"National Institute of Technology Karnataka, Surathkul",icpcpr252202,3:48:26,200,2,false
"1,669",1084619,Infinite loopers,Ajeenkya DY Patil University,icpcpr250062,3:50:49,200,2,false
"1,670",1078581,KingPin,Amrita School of Engineering Chennai,icpcpr250165,3:51:55,200,2,false
"1,671",1085302,Recursia,Thapar Institute of Engineering & Technology,icpcpr252884,3:53:40,200,2,false
"1,672",1086363,NCR,"Indian Institute of Information Technology, Una",icpcpr251008,3:54:12,200,2,false
"1,673",1097215,Runtime_Terror_A,Jabalpur Engineering College,icpcpr251788,3:54:12,200,2,false
"1,674",1093802,kuch-nhi-aata,KLE Technological University,icpcpr251952,3:56:40,200,2,false
"1,675",1097480,HashMaps,A J Institute of Engineering and Technology,icpcpr250005,3:57:52,200,2,false
"1,676",1104236,Techtitans,Cummins College of Engineering for Women,icpcpr250477,3:58:14,200,2,true
"1,677",1109846,Core,"Indian Institute of Information Technology, Una",icpcpr251020,3:58:29,200,2,false
"1,678",1095548,Brainstormers,Sardar Vallabhbhai National Institute of Technology,icpcpr252683,3:58:37,200,2,false
"1,679",1112828,405-found,Rajiv Gandhi Institute Of Petroleum Technology,icpcpr252590,4:00:29,200,2,false
"1,680",1096066,ADAMS,Muthoot Institute of Technology and Science,icpcpr252157,4:03:26,200,2,false
"1,681",1077151,Run Time Terror,"Jadavpur University, Kolkata",icpcpr251802,4:04:03,200,2,false
"1,682",1087400,kasukabeDefenceGroup,"Indian Institute of Technology (ISM), Dhanbad",icpcpr251064,4:05:31,200,2,false
"1,683",1097058,onlyO(n),Indian Institute of Technology - Patna,icpcpr251418,4:06:37,200,2,false
"1,684",1088008,Team 8,Jaypee Institute of Information Technology,icpcpr251862,4:07:48,200,2,false
"1,685",1095539,NeuraNext,Sardar Vallabhbhai National Institute of Technology,icpcpr252681,4:08:09,200,2,false
"1,686",1083548,Jobless_Experts,"Rajarshi Shahu College of Engineering, Pune",icpcpr252583,4:08:23,200,2,false
"1,687",1094009,Agnivarnas,KLE Technological University,icpcpr251953,4:10:53,200,2,false
"1,688",1108091,Success,"Sona College of Technology, Salem",icpcpr252775,4:11:10,200,2,false
"1,689",1078401,#include MSK,Sri Eshwar College of Engineering,icpcpr252793,4:15:14,200,2,false
"1,690",1108205,PVPSIT_CSE_1,Prasad V. Potluri Siddhartha Institute of Technology,icpcpr252538,4:15:21,200,2,false
"1,691",1091391,Tamal,Indian Institute of Information Technology Allahabad,icpcpr250794,4:17:54,200,2,false
"1,692",1094970,Lost Electrons,"Visvesvaraya National Institute of Technology, Nagpur",icpcpr253022,4:18:35,200,2,false
"1,693",1091040,CP PAGLU,"Indian Institute of Information Technology, Lucknow",icpcpr250962,4:18:54,200,2,false
"1,694",1097604,Squad 7,"Indian Institute of Information Technology Design and Manufacturing, Kurnool",icpcpr250854,4:18:55,200,2,true
"1,695",1082170,ZeroDay_Titans,"Pimpri Chinchwad College of Engineering, Pune",icpcpr252505,4:19:57,200,2,false
"1,696",1104362,silent_Geeks,KIIT University,icpcpr251945,4:22:32,200,2,false
"1,697",1109112,TeamJava,DJ Sanghvi College of Engineering,icpcpr250488,4:23:08,200,2,false
"1,698",1077689,teamOmen,Graphic Era Hill University,icpcpr250637,4:23:13,200,2,false
"1,699",1088794,VDS09,"Indian Institute of Information Technology, Una",icpcpr251009,4:24:59,200,2,false
"1,700",1081526,VoidMain,Siliguri Institute of Technology,icpcpr252766,4:30:12,200,2,false
"1,701",1106121,Code Overflow,Chandigarh University,icpcpr250413,4:32:06,200,2,false
"1,702",1084614,Demeter,Ajeenkya DY Patil University,icpcpr250048,4:33:11,200,2,false
"1,703",1078312,AlgoKnights,Sri Eshwar College of Engineering,icpcpr252788,4:34:49,200,2,false
"1,704",1088502,Compile Error,Guru Jambheshwar University,icpcpr250653,4:36:10,200,2,false
"1,705",1091185,pta_nhi,Rishihood University,icpcpr252614,4:37:22,200,2,false
"1,706",1076596,bitbitter,Madan Mohan Malaviya University of Technology,icpcpr252042,4:39:53,200,2,false
"1,707",1088018,Optimizer,Jawaharlal Nehru University,icpcpr251843,4:39:54,200,2,false
"1,708",1105954,Pretest_Passers,National Institute of Technology Rourkela,icpcpr253047,4:40:08,200,2,false
"1,709",1081753,Dark Cyber,S.B. Jain Institute of Technology Management & Research,icpcpr252624,4:40:44,200,2,false
"1,710",1114849,TUF Coders,Shri Vishnu Engineering College for Women,icpcpr252755,4:42:37,200,2,true
"1,711",1088005,JSM,Jaypee Institute of Information Technology,icpcpr251852,4:45:43,200,2,false
"1,712",1095559,Binary Searchers,"Madhav Institute of Technology and Science, Gwalior",icpcpr252053,4:47:35,200,2,false
"1,713",1092743,CodeChamps,M.S. Ramaiah Institute of Technology,icpcpr252018,4:52:51,200,2,false
"1,714",1105829,Coderushers,Indian Institute of Technology - Roorkee,icpcpr251470,4:53:32,200,2,false
"1,715",1100593,Team Ginyu,Indian Institute of Technology - Delhi,icpcpr251150,4:56:13,200,2,false
"1,716",1098601,ICCP,Nitte Meenakshi Institute of Technology,icpcpr252433,4:57:40,200,2,false
"1,717",1077272,VU-Marvel Coders,"Vignan University, Guntur",icpcpr253002,4:57:45,200,2,false
"1,718",1084628,Vinco,Ajeenkya DY Patil University,icpcpr250066,4:59:09,200,2,false
"1,719",1080364,Delta Coders,BIT Sindri,icpcpr250274,5:02:41,200,2,false
"1,720",1094373,BigBrainBoyz,Indian Institute of Information Technology Bhopal,icpcpr250817,5:05:59,200,2,false
"1,721",1107478,Tenacious,Chandigarh University,icpcpr250415,5:07:49,200,2,false
"1,722",1088700,Backtrackers_SSN,Sri Sivasubramaniya Nadar College of Engineering,icpcpr252819,5:08:04,200,2,false
"1,723",1094871,Graph Gurus,Indira Gandhi Delhi Technical University for Women,icpcpr251673,5:13:33,200,2,true
"1,724",1104335,TeamStack,Madan Mohan Malaviya University of Technology,icpcpr252048,5:16:38,200,2,false
"1,725",1077691,NinjaCoders,Graphic Era Hill University,icpcpr250638,5:19:16,200,2,false
"1,726",1115478,BrainstromXX,Malaviya National Institute of Technology Jaipur,icpcpr252075,5:32:32,200,2,false
"1,727",1108157,Hansraj,"International Institute of Information Technology, Hyderabad",icpcpr251755,5:32:48,200,2,false
"1,728",1111353,Competitive Coders,Bangalore Institute of Technology,icpcpr250327,5:37:35,200,2,false
"1,729",1105079,CoreMatters,Motilal Nehru National Institute of Technology - Allahabad,icpcpr252126,5:41:03,200,2,false
"1,730",1093334,Team_KAP,"BITS-Pilani, Hyderabad Campus",icpcpr250313,5:47:28,200,2,false
"1,731",1095944,Alpha Q,Kumaraguru College of Technology,icpcpr252004,5:49:38,200,2,false
"1,732",1082743,Team Invincibles,Jawaharlal Nehru University,icpcpr251845,5:50:23,200,2,false
"1,733",1115534,Omniscience,Amrita School of Engineering Bangalore,icpcpr250164,5:51:26,200,2,false
"1,734",1097246,Cryptic,"National Institute of Technology, Calicut",icpcpr252292,5:53:38,200,2,false
"1,735",1109827,Mo(Sh)^2,KJ Somaiya College of Engineering,icpcpr251947,5:59:10,200,2,false
"1,736",1093219,12th-Fail,Indian Institute of Information Technology Allahabad,icpcpr250803,6:10:36,200,2,false
"1,737",1092557,Bug's Purgatory,Indian Institute of Technology - Indore,icpcpr251257,6:23:06,200,2,false
"1,738",1096699,tallMatchaGuys,Indian Institute of Technology - Patna,icpcpr251414,6:45:50,200,2,false
"1,739",1115947,Exception Experts,Shri Vishnu Engineering College for Women,icpcpr252757,7:00:19,200,2,true
"1,740",1082118,SYNAPSE,SRM Institute of Science and Technology,icpcpr252641,7:37:40,200,2,false
"1,741",1085140,DivideByZero,Indian Institute of Technology - Ropar,icpcpr251511,7:54:47,200,2,true
"1,742",1090017,Kremlin Vipers,International Institute of Information Technology Bhubaneswar,icpcpr251735,7:58:48,200,2,false
"1,743",1078476,Bruteforcers,University of Hyderabad,icpcpr252919,8:45:24,200,2,false
"1,744",1110103,1e9plus7,"Indian Institute of Information Technology, Nagpur",icpcpr250892,8:47:20,200,2,false
"1,745",1093285,log and loops,"School of Engineering and Applied Science, Ahmedabad University",icpcpr252724,8:58:30,200,2,false
"1,746",1089435,Git Gud,Muthoot Institute of Technology and Science,icpcpr252146,9:00:45,200,2,false
"1,747",1094476,whatPressure?,**Institute Name to be defined,icpcpr252716,11:02:11,200,2,false
"1,748",1087439,TRIONIX,Indian Institute of Technology - Ropar,icpcpr251501,11:02:48,200,2,false
"1,749",1080003,spark,"MIT Academy of Engineering, Alandi",icpcpr252030,0:00:10,100,1,false
"1,750",1104401,CPyPy,DJ Sanghvi College of Engineering,icpcpr250499,0:00:11,100,1,false
"1,751",1086472,PNG,"Institute of Engineering & Technology, Lucknow",icpcpr251686,0:00:16,100,1,false
"1,752",1089824,Bugs sabke niklenge,Swami Vivekananda Yoga Anusandhana Samsthana,icpcpr252853,0:00:17,100,1,false
"1,753",1095327,Eggzor,Rishihood University,icpcpr252615,0:00:25,100,1,false
"1,754",1109661,AvengeCoders,"Birla Institute of Technology, Patna",icpcpr250388,0:00:26,100,1,false
"1,755",1094726,3some,"National Institute of Technology Karnataka, Surathkul",icpcpr252204,0:00:26,100,1,false
"1,756",1109035,Warriors,Vasavi College of Engineering,icpcpr252960,0:00:27,100,1,false
"1,757",1085431,TLE Fighters,DJ Sanghvi College of Engineering,icpcpr250481,0:00:31,100,1,false
"1,758",1111205,Trimurti,Veermata Jijabai Technological Institute,icpcpr252972,0:00:34,100,1,false
"1,759",1088971,codeblooded,Rishihood University,icpcpr252610,0:00:37,100,1,true
"1,760",1092356,Settled_Buyers,Indian Institute of Information Technology Kottayam,icpcpr250885,0:00:38,100,1,false
"1,761",1080436,3_Sum,Vivekanand Education Society’s Institute of Technology,icpcpr253024,0:00:38,100,1,false
"1,762",1106100,Nerdy_Ninjas,"National Institute of Technology, Durgapur",icpcpr252304,0:00:41,100,1,false
"1,763",1115342,ctrl+alt+elite,Maharaja Agrasen Institute of Technology,icpcpr252065,0:00:45,100,1,false
"1,764",1096406,:(){:|:&};:,Amrita School of Computing Coimbatore,icpcpr250099,0:00:46,100,1,false
"1,765",1076770,BinaryBrains,Sri Eshwar College of Engineering,icpcpr252786,0:00:47,100,1,false
"1,766",1108752,Wrong_Coders,"National Institute of Technology, Silchar",icpcpr252380,0:00:49,100,1,false
"1,767",1104567,Vdevv,L.D. College of Engineering,icpcpr252005,0:00:51,100,1,false
"1,768",1094785,COSMIC CODEX,Ajeenkya DY Patil University,icpcpr250068,0:00:52,100,1,false
"1,769",1083325,Newbie,Graphic Era Hill University,icpcpr250642,0:00:52,100,1,false
"1,770",1088790,bnb,Indian Institute of Information Technology Kottayam,icpcpr250884,0:00:52,100,1,false
"1,771",1087058,BitToByte,"Institute of Engineering & Technology, Lucknow",icpcpr251687,0:00:59,100,1,false
"1,772",1108811,TechSparks,Koneru Lakshmaiah Education Foundation,icpcpr251996,0:00:59,100,1,false
"1,773",1096391,Dark Knight,Ajeenkya DY Patil University,icpcpr250054,0:01:01,100,1,false
"1,774",1112697,Back_Trackers,Koneru Lakshmaiah Education Foundation,icpcpr251998,0:01:02,100,1,false
"1,775",1078882,Big-O-nlogn,"Faculty of Engineering, University of Lucknow",icpcpr250585,0:01:05,100,1,false
"1,776",1092364,Prime Suspects,Indian Institute of Information Technology Kottayam,icpcpr250886,0:01:06,100,1,false
"1,777",1092499,Probably_TLE,VNR Vignana Jyothi Institute of Engineering & Technology,icpcpr252945,0:01:06,100,1,false
"1,778",1094923,NotDecided,**Institute Name to be defined,icpcpr250001,0:01:07,100,1,false
"1,779",1084618,Datatype,Ajeenkya DY Patil University,icpcpr250061,0:01:07,100,1,false
"1,780",1109922,CodePulse,VNR Vignana Jyothi Institute of Engineering & Technology,icpcpr252950,0:01:07,100,1,false
"1,781",1079185,Recursive Jalebis,"K. J. Somaiya College of Engineering, Vidyavihar, Mumbai",icpcpr251900,0:01:08,100,1,false
"1,782",1107466,ORBITAL,INDIAN INSTITUTE OF INFORMATION TECHNOLOGY BHAGALPUR,icpcpr250729,0:01:14,100,1,false
"1,783",1095434,vapd,Saveetha Engineering College,icpcpr252705,0:01:14,100,1,false
"1,784",1107465,Quantum_Coders,INDIAN INSTITUTE OF INFORMATION TECHNOLOGY BHAGALPUR,icpcpr250728,0:01:15,100,1,false
"1,785",1112863,Code-breakers,New Horizon College of Engineering,icpcpr252412,0:01:16,100,1,false
"1,786",1088542,Team CMD,"Harcourt Butler Technical University, Kanpur",icpcpr250663,0:01:17,100,1,false
"1,787",1085557,Fiction 404,Indian Institute of Information Technology Kottayam,icpcpr250883,0:01:19,100,1,false
"1,788",1084549,Turing Machine,Indian Institute of Information Technology Kottayam,icpcpr250882,0:01:20,100,1,false
"1,789",1105914,Manhattan Overflow,Chandigarh University,icpcpr250412,0:01:21,100,1,false
"1,790",1097382,Ternary Codex,IIT Bhubaneswar,icpcpr250717,0:01:21,100,1,false
"1,791",1104582,BitMaskers,"K. J. Somaiya College of Engineering, Vidyavihar, Mumbai",icpcpr251905,0:01:23,100,1,false
"1,792",1081444,PHOENIX_CLUB,National Institute of Technology Tiruchirappalli,icpcpr252269,0:01:23,100,1,false
"1,793",1095956,SHAURYA,Netaji Subhas University Of Technology,icpcpr252405,0:01:23,100,1,false
"1,794",1115360,Code Rush,CMR Technical Campus,icpcpr250397,0:01:24,100,1,false
"1,795",1097484,Dhi Shakti,Model Institute of Engineering and Technology,icpcpr252106,0:01:24,100,1,false
"1,796",1088016,O(1)Ninjas,Jaypee Institute of Information Technology,icpcpr251865,0:01:26,100,1,false
"1,797",1086322,MiraiCode,Physics Wallah Institute of Innovation,icpcpr252483,0:01:26,100,1,false
"1,798",1115177,mexlovers,Vishwakarma Institute of Technology,icpcpr253014,0:01:26,100,1,false
"1,799",1083015,bitwise_operators,Thapar Institute of Engineering & Technology,icpcpr252883,0:01:27,100,1,false
"1,800",1085441,GenZ coders,Coimbatore Institute of Technology,icpcpr250474,0:01:28,100,1,false
"1,801",1114317,codebyte,Koneru Lakshmaiah Education Foundation,icpcpr251999,0:01:29,100,1,false
"1,802",1104331,CreativeCoders,Madan Mohan Malaviya University of Technology,icpcpr252047,0:01:30,100,1,false
"1,803",1107799,gray__code,Delhi Technological University(Formerly DCE),icpcpr250533,0:01:32,100,1,false
"1,804",1089697,!404 Code Found,"Indian Institute of Technology, Madras",icpcpr251633,0:01:32,100,1,false
"1,805",1108881,RunTimeTerror,VNR Vignana Jyothi Institute of Engineering & Technology,icpcpr252949,0:01:32,100,1,false
"1,806",1115258,LOOPS,Amrita School of Engineering Kollam,icpcpr250178,0:01:33,100,1,false
"1,807",1096013,NOT_DECIDED,IIIT-Delhi,icpcpr250695,0:01:33,100,1,false
"1,808",1095208,Gems,INDIAN INSTITUTE OF INFORMATION TECHNOLOGY BHAGALPUR,icpcpr250727,0:01:34,100,1,false
"1,809",1089284,Bhole chature,"Institute of Engineering & Technology, Lucknow",icpcpr251683,0:01:35,100,1,false
"1,810",1088503,bug_slayers,Dharmsinh Desai Institute of Technology,icpcpr250537,0:01:39,100,1,false
"1,811",1084569,SVS,Ajeenkya DY Patil University,icpcpr250043,0:01:40,100,1,true
"1,812",1094955,NotCoders,Ajeenkya DY Patil University,icpcpr250070,0:01:43,100,1,false
"1,813",1104596,Stack_bits,"Harcourt Butler Technical University, Kanpur",icpcpr250664,0:01:43,100,1,false
"1,814",1097237,Greedy_minds,Delhi Technological University(Formerly DCE),icpcpr250531,0:01:44,100,1,false
"1,815",1078112,ZE Masters,Amrita School of Computing Coimbatore,icpcpr250088,0:01:45,100,1,false
"1,816",1111936,AlgoEdge,"Indian Institute of Information Technology, Nagpur",icpcpr250898,0:01:45,100,1,false
"1,817",1096301,QWERTY,"Indian Institute of Information Technology, Una",icpcpr251014,0:01:45,100,1,false
"1,818",1084626,not_found,Ajeenkya DY Patil University,icpcpr250065,0:01:52,100,1,false
"1,819",1077826,Core_dump,"National Institute of Technology, Silchar",icpcpr252360,0:01:52,100,1,false
"1,820",1104505,Illuminati Coders,Maharaja Agrasen Institute of Technology,icpcpr252061,0:01:54,100,1,false
"1,821",1088979,KARBON,Rishihood University,icpcpr252611,0:01:56,100,1,false
"1,822",1091164,laapata_ladies,Rishihood University,icpcpr252612,0:01:56,100,1,true
"1,823",1077150,code blooded,Sri Eshwar College of Engineering,icpcpr252787,0:01:56,100,1,false
"1,824",1095619,LogicalError,Sardar Vallabhbhai National Institute of Technology,icpcpr252687,0:01:57,100,1,false
"1,825",1099630,Quantum Fang,Ajeenkya DY Patil University,icpcpr250057,0:01:59,100,1,false
"1,826",1093022,Demo Debuggers,Amrita Vishwa Vidyapeetham Mysuru Campus,icpcpr250226,0:02:00,100,1,false
"1,827",1079812,Algorythm,Amrita School of Computing Coimbatore,icpcpr250093,0:02:02,100,1,false
"1,828",1095930,Comets,Sri Shakthi Institute of Engineering & Technology,icpcpr252815,0:02:03,100,1,false
"1,829",1089109,Codzilla,Amrita Vishwa Vidyapeetham Nagercoil,icpcpr250233,0:02:04,100,1,true
"1,830",1096000,Hack horizon,Amrita Vishwa Vidyapeetham Nagercoil,icpcpr253044,0:02:05,100,1,true
"1,831",1093015,TriMatrixx,Amrita Vishwa Vidyapeetham Mysuru Campus,icpcpr250225,0:02:07,100,1,false
"1,832",1112470,SheCodesNG,"Indian Institute of Information Technology, Nagpur",icpcpr250901,0:02:07,100,1,true
"1,833",1097267,Chatur_Lomdiyan,Swami Vivekananda Yoga Anusandhana Samsthana,icpcpr252851,0:02:08,100,1,true
"1,834",1085168,SmartStack,"Pimpri Chinchwad College of Engineering, Pune",icpcpr252507,0:02:09,100,1,false
"1,835",1091312,Invariants,Amrita Vishwa Vidyapeetham Nagercoil,icpcpr250235,0:02:11,100,1,false
"1,836",1103457,Garuda,MJP Rohilkhand University,icpcpr252036,0:02:13,100,1,false
"1,837",1113183,Tango,Indian Statistical Institute,icpcpr251666,0:02:15,100,1,false
"1,838",1093684,Avengers_endgame,Indian Institute of Technology - Ropar,icpcpr251530,0:02:16,100,1,false
"1,839",1105694,BitBlasters,Ajeenkya DY Patil University,icpcpr250058,0:02:18,100,1,false
"1,840",1114257,We Tried(),"Koneru Lakshmaiah College of Engineering, Guntur",icpcpr251992,0:02:18,100,1,false
"1,841",1095227,RED HATS,"Vellore Institute of Technology, Chennai",icpcpr252996,0:02:19,100,1,false
"1,842",1094819,transformers_2006,Amrita School of Engineering Bangalore,icpcpr250113,0:02:22,100,1,false
"1,843",1107468,The Lost Titans of Olympus,DJ Sanghvi College of Engineering,icpcpr250500,0:02:23,100,1,false
"1,844",1078722,Code X,"National Institute of Technology, Silchar",icpcpr252377,0:02:23,100,1,false
"1,845",1097688,bit by bit,"NSS College of Engineering, Palakkad",icpcpr252162,0:02:26,100,1,false
"1,846",1095538,CMV,Sardar Vallabhbhai National Institute of Technology,icpcpr252680,0:02:30,100,1,false
"1,847",1091655,Return 1,Chennai Institute of Technology,icpcpr250444,0:02:32,100,1,false
"1,848",1105155,STRIKERS,"Sona College of Technology, Salem",icpcpr252772,0:02:34,100,1,false
"1,849",1099638,Ghouls,Ajeenkya DY Patil University,icpcpr250077,0:02:35,100,1,false
"1,850",1083790,Qwerty Pies,Maharaja Agrasen Institute of Technology,icpcpr252058,0:02:37,100,1,false
"1,851",1079284,RSDcoders,"Jadavpur University, Kolkata",icpcpr251803,0:02:41,100,1,false
"1,852",1107592,Khajur,DJ Sanghvi College of Engineering,icpcpr250486,0:02:44,100,1,false
"1,853",1111320,DietCokeAddicts,DJ Sanghvi College of Engineering,icpcpr250502,0:02:50,100,1,false
"1,854",1084620,3Bots,Ajeenkya DY Patil University,icpcpr250063,0:02:51,100,1,false
"1,855",1096362,rookie trio 314,Ajeenkya DY Patil University,icpcpr250071,0:02:51,100,1,false
"1,856",1111775,CodeDevils,DJ Sanghvi College of Engineering,icpcpr250503,0:02:51,100,1,false
"1,857",1096297,Logic Lords,**Institute Name to be defined,icpcpr252437,0:02:52,100,1,false
"1,858",1115245,Savari-giri-giri,Amrita School of Engineering Kollam,icpcpr253053,0:02:53,100,1,false
"1,859",1087149,THE INVINCIBLE FIRE,Panimalar Engineering College,icpcpr252478,0:02:53,100,1,true
"1,860",1105109,Spilled Coffee,"Harcourt Butler Technical University, Kanpur",icpcpr250666,0:02:54,100,1,false
"1,861",1104999,MAIT3,Maharaja Agrasen Institute of Technology,icpcpr252062,0:02:54,100,1,false
"1,862",1084629,Speed Thinkers,Ajeenkya DY Patil University,icpcpr250067,0:02:56,100,1,false
"1,863",1101703,GIT_Bashers,Babu Banarasi Das Institute of Technology & Management,icpcpr250323,0:02:56,100,1,false
"1,864",1085860,Code Samurai,Amrita Vishwa Vidyapeetham Mysuru Campus,icpcpr250222,0:02:58,100,1,false
"1,865",1103426,SRE_CodeCrafters,SIES Graduate School of Technology,icpcpr252633,0:02:59,100,1,false
"1,866",1114124,CipherX,Amrita School of Engineering Kollam,icpcpr250173,0:03:01,100,1,false
"1,867",1084611,Hunters,Ajeenkya DY Patil University,icpcpr250045,0:03:03,100,1,false
"1,868",1091830,fans_of_fan_of_aa,"Indian Institute of Science, Bangalore",icpcpr251029,0:03:03,100,1,false
"1,869",1096308,TriWizard,M.S. Ramaiah Institute of Technology,icpcpr252019,0:03:04,100,1,false
"1,870",1085857,Code Clasher,Dronacharya College of Engineering,icpcpr250583,0:03:06,100,1,false
"1,871",1114607,Saidak,"Jadavpur University, Kolkata",icpcpr251800,0:03:06,100,1,false
"1,872",1114723,Team_625,Koneru Lakshmaiah Education Foundation,icpcpr252000,0:03:06,100,1,true
"1,873",1088112,ZENITH,Amrita Vishwa Vidyapeetham Nagercoil,icpcpr250229,0:03:09,100,1,false
"1,874",1113072,Kanchenjunga_XY,Amrita School of Engineering Bangalore,icpcpr253051,0:03:10,100,1,false
"1,875",1093757,Codex25,Amrita Vishwa Vidyapeetham Nagercoil,icpcpr250238,0:03:10,100,1,true
"1,876",1096148,Kurnool Devs,"Indian Institute of Information Technology Design and Manufacturing, Kurnool",icpcpr250852,0:03:10,100,1,false
"1,877",1092549,wrong_answer_on_test_2,Indian Institute of Technology - Indore,icpcpr251256,0:03:10,100,1,false
"1,878",1078399,HackStreets,Sri Eshwar College of Engineering,icpcpr252791,0:03:10,100,1,false
"1,879",1115470,Compile and Conquer,MIT World Peace University,icpcpr252034,0:03:12,100,1,false
"1,880",1091936,ByteCrackers,"Pimpri Chinchwad College of Engineering, Pune",icpcpr252522,0:03:13,100,1,false
"1,881",1095165,Brute Force,National Institute of Technology Tiruchirappalli,icpcpr252276,0:03:14,100,1,false
"1,882",1087808,3Coders,Vishwakarma Institute of Technology,icpcpr253015,0:03:15,100,1,false
"1,883",1106274,CodeConnect,Keshav Memorial College of Engineering,icpcpr251991,0:03:16,100,1,false
"1,884",1097458,CodeMania,ABES Engineering College,icpcpr250010,0:03:21,100,1,false
"1,885",1109295,The Virtual Knights,"Sona College of Technology, Salem",icpcpr252778,0:03:21,100,1,false
"1,886",1083796,CODEMANIA,Xavier Institute of Engineering,icpcpr253038,0:03:26,100,1,false
"1,887",1093191,NULLL POINTERS,VNR Vignana Jyothi Institute of Engineering & Technology,icpcpr252946,0:03:27,100,1,false
"1,888",1104707,DraCoDebuggers,Indian Institute Of Technology Jodhpur,icpcpr253046,0:03:29,100,1,false
"1,889",1104581,Code Crusaders,Amrita Vishwa Vidyapeetham Mysuru Campus,icpcpr250228,0:03:31,100,1,false
"1,890",1107664,The Compilers,Sardar Patel Institute of Technology,icpcpr252666,0:03:31,100,1,false
"1,891",1091314,Code starters,Amrita Vishwa Vidyapeetham Nagercoil,icpcpr250236,0:03:38,100,1,true
"1,892",1094992,CP Enthusiasts,Amrita School of Engineering Bangalore,icpcpr250204,0:03:39,100,1,false
"1,893",1085164,TLECreators,Indian Institute of Technology - Ropar,icpcpr251496,0:03:39,100,1,false
"1,894",1084253,RuntimeError,Ramkrishna Mahato Government Engineering College,icpcpr252598,0:03:39,100,1,false
"1,895",1093761,Hackspire,Amrita Vishwa Vidyapeetham Nagercoil,icpcpr250241,0:03:42,100,1,false
"1,896",1096022,DragonSort,All India Shri Shivaji Memorial Society's Institute of Information Technology Pune,icpcpr250027,0:03:43,100,1,false
"1,897",1087578,Hello_World,Indian Institute of Technology - Ropar,icpcpr251516,0:03:43,100,1,false
"1,898",1087111,Synesys,"Pimpri Chinchwad College of Engineering, Pune",icpcpr252497,0:03:43,100,1,false
"1,899",1115219,mayhem_masters,Sastra University,icpcpr252702,0:03:43,100,1,false
"1,900",1108085,compilers,"International Institute of Information Technology, Hyderabad",icpcpr251766,0:03:44,100,1,false
"1,901",1089800,JVH Coders,National Institute of Technology Tiruchirappalli,icpcpr252262,0:03:44,100,1,false
"1,902",1078596,The Debug Thugs,Amrita School of Computing Coimbatore,icpcpr250090,0:03:45,100,1,false
"1,903",1091978,3D-X,Chennai Institute of Technology,icpcpr250447,0:03:45,100,1,false
"1,904",1093310,Survey Corps,Indian Institute of Information Technology Pune,icpcpr250909,0:03:45,100,1,false
"1,905",1078311,Pi-Thanos,Shantilal Shah Engineering College,icpcpr252728,0:03:47,100,1,true
"1,906",1101654,HyperBrick,Amrita School of Engineering Bangalore,icpcpr250156,0:03:50,100,1,false
"1,907",1109674,sirens,Vellore Institute of Technology,icpcpr252985,0:03:50,100,1,true
"1,908",1102240,BitManipulators,St. Thomas' College of Engineering and Technology,icpcpr252849,0:03:52,100,1,false
"1,909",1109662,Trishul.exe,"Birla Institute of Technology, Patna",icpcpr250389,0:03:53,100,1,false
"1,910",1104324,TareZammenPar,KIIT University,icpcpr251943,0:03:53,100,1,false
"1,911",1085489,Innovation Igniters,"Pimpri Chinchwad College of Engineering, Pune",icpcpr252509,0:03:53,100,1,false
"1,912",1093760,TEAM ALETHEON,Amrita Vishwa Vidyapeetham Nagercoil,icpcpr250240,0:03:54,100,1,false
"1,913",1088374,Binary brains,Indian Institute of Technology Bhilai,icpcpr251588,0:03:54,100,1,true
"1,914",1098353,Three++,"NSS College of Engineering, Palakkad",icpcpr252164,0:03:54,100,1,false
"1,915",1112302,404 Brain not found,Amrita School of Engineering Kollam,icpcpr250172,0:03:57,100,1,false
"1,916",1108570,DRAco,"BITS-Pilani, Goa Campus",icpcpr250298,0:03:57,100,1,false
"1,917",1097687,unknown domain,Swami Vivekananda Yoga Anusandhana Samsthana,icpcpr252857,0:03:57,100,1,false
"1,918",1088869,Newbies,National Institute of Technology Tiruchirappalli,icpcpr252272,0:03:58,100,1,false
"1,919",1105917,Optimus-Rex,Vivekanand Education Society’s Institute of Technology,icpcpr253026,0:03:58,100,1,false
"1,920",1100988,RuntimeRebels,KIET GROUP OF INSTITUTIONS,icpcpr251939,0:04:00,100,1,false
"1,921",1112681,IDK_BRO,Indian Institute of Technology - Mandi,icpcpr251377,0:04:01,100,1,true
"1,922",1112885,Thrivers,"University College of Engineering, Osmania University",icpcpr252903,0:04:01,100,1,false
"1,923",1095080,Binary_bits,INDIAN INSTITUTE OF INFORMATION TECHNOLOGY BHAGALPUR,icpcpr250725,0:04:03,100,1,false
"1,924",1078582,Breaking Boundaries,Sri Eshwar College of Engineering,icpcpr252795,0:04:05,100,1,false
"1,925",1096365,Quantum Coders,Ajeenkya DY Patil University,icpcpr250072,0:04:06,100,1,false
"1,926",1112449,Bitforge,Lovely Professional University,icpcpr252013,0:04:08,100,1,false
"1,927",1095681,Compile This!,Maharaja Agrasen Institute of Technology,icpcpr252057,0:04:08,100,1,false
"1,928",1077458,Trishul,"National Institute of Technology, Silchar",icpcpr252373,0:04:09,100,1,true
"1,929",1096386,Neo-Stars,Ajeenkya DY Patil University,icpcpr250053,0:04:11,100,1,false
"1,930",1109302,Revolution,Chandigarh University,icpcpr250422,0:04:12,100,1,false
"1,931",1078871,Indigo,Rajiv Gandhi Institute Of Petroleum Technology,icpcpr252587,0:04:12,100,1,false
"1,932",1086909,Code Crew,"Pimpri Chinchwad College of Engineering, Pune",icpcpr252513,0:04:14,100,1,false
"1,933",1085404,TeamApex,"Pimpri Chinchwad College of Engineering, Pune",icpcpr252508,0:04:19,100,1,false
"1,934",1095567,Astro Coders,Amrita School of Engineering Bangalore,icpcpr253062,0:04:20,100,1,false
"1,935",1084492,AlgoJUN,Nirma University,icpcpr252426,0:04:20,100,1,true
"1,936",1096390,The Optimizers,Ajeenkya DY Patil University,icpcpr250075,0:04:22,100,1,false
"1,937",1102767,Cryoloop,"Academy of Technology, Hooghly",icpcpr250028,0:04:23,100,1,false
"1,938",1103376,Neocoders,Amrita School of Engineering Bangalore,icpcpr250183,0:04:23,100,1,false
"1,939",1077293,VU-Algoforge,"Vignan University, Guntur",icpcpr253005,0:04:31,100,1,false
"1,940",1077455,Brahmos,"National Institute of Technology, Silchar",icpcpr252372,0:04:32,100,1,true
"1,941",1094891,Code crusaders,Amrita School of Engineering Bangalore,icpcpr250120,0:04:35,100,1,false
"1,942",1098448,DHR Coders,Padmashri Dr.B V Raju Institute Of Technology,icpcpr253042,0:04:37,100,1,false
"1,943",1093758,SyntaxSlashers,Amrita Vishwa Vidyapeetham Nagercoil,icpcpr250239,0:04:39,100,1,false
"1,944",1093754,Novices,Amrita Vishwa Vidyapeetham Nagercoil,icpcpr253060,0:04:39,100,1,false
"1,945",1095065,GPT_Coders,**Institute Name to be defined,icpcpr250003,0:04:41,100,1,false
"1,946",1095150,ThreePiece,Amrita School of Engineering Kollam,icpcpr250211,0:04:41,100,1,false
"1,947",1096102,3 Body Problem,"International Institute of Information Technology, Hyderabad",icpcpr251745,0:04:44,100,1,false
"1,948",1098388,Crusaders,"NSS College of Engineering, Palakkad",icpcpr252165,0:04:44,100,1,false
"1,949",1084624,Skill Issues,Ajeenkya DY Patil University,icpcpr250064,0:04:45,100,1,false
"1,950",1095037,Code Valkyries,Indian Institute of Information Technology Kottayam,icpcpr250880,0:04:45,100,1,true
"1,951",1084169,Bug Busters,"Pimpri Chinchwad College of Engineering, Pune",icpcpr252489,0:04:45,100,1,false
"1,952",1090068,Malai Chaap,National Institute of Technology Tiruchirappalli,icpcpr252273,0:04:48,100,1,false
"1,953",1078585,Merge Conflicts,Sri Eshwar College of Engineering,icpcpr252796,0:04:49,100,1,false
"1,954",1088010,FATAL ERROR,Jaypee Institute of Information Technology,icpcpr251864,0:04:51,100,1,false
"1,955",1088162,StormCoders,Vardhaman College of Engineering,icpcpr252957,0:04:53,100,1,false
"1,956",1087948,Null Hypothesis,"Pimpri Chinchwad College of Engineering, Pune",icpcpr252519,0:04:54,100,1,false
"1,957",1094427,Phantom stack,Amrita Vishwa Vidyapeetham Mysuru Campus,icpcpr250227,0:04:55,100,1,true
"1,958",1083324,Astra,Graphic Era Hill University,icpcpr250641,0:04:55,100,1,false
"1,959",1076669,VU-GAR,"Vignan University, Guntur",icpcpr253001,0:04:56,100,1,false
"1,960",1082763,BUGSY BOIS,Amrita School of Computing Coimbatore,icpcpr250097,0:04:57,100,1,false
"1,961",1105141,SIRIUS ONE,"Sona College of Technology, Salem",icpcpr252771,0:04:58,100,1,false
"1,962",1097461,Coffee Overflow,Amrita School of Engineering Bangalore,icpcpr250142,0:05:03,100,1,true
"1,963",1092313,B-s-kit,Jaypee Institute of Information Technology,icpcpr251869,0:05:05,100,1,false
"1,964",1078398,PixelPioneers,Sri Eshwar College of Engineering,icpcpr252790,0:05:06,100,1,false
"1,965",1078325,CodeKnights,Sri Eshwar College of Engineering,icpcpr252789,0:05:09,100,1,false
"1,966",1077845,Dereferencers,KIET GROUP OF INSTITUTIONS,icpcpr251926,0:05:18,100,1,false
"1,967",1092365,Codex Obscura,Delhi Skill and Entrepreneurship University Okhla-1,icpcpr250513,0:05:20,100,1,false
"1,968",1110069,icp-easy;,Indian Institute of Information Technology Kottayam,icpcpr250887,0:05:21,100,1,false
"1,969",1082902,bytespeed,KIET GROUP OF INSTITUTIONS,icpcpr251934,0:05:22,100,1,false
"1,970",1080744,The Trinity,Amrita School of Engineering Coimbatore,icpcpr250195,0:05:24,100,1,false
"1,971",1114616,Nerv,"G.H. Raisoni College of Engineering, Nagpur",icpcpr250593,0:05:25,100,1,false
"1,972",1078496,Nth_Degree,Amrita School of Computing Coimbatore,icpcpr250089,0:05:26,100,1,false
"1,973",1087583,Ctrl Alt Defeat,"Harcourt Butler Technical University, Kanpur",icpcpr250662,0:05:28,100,1,false
"1,974",1079124,O(N-cube),Amrita School of Engineering Coimbatore,icpcpr250194,0:05:31,100,1,true
"1,975",1111193,While(!0),"National Institute of Technology, Patna",icpcpr252345,0:05:32,100,1,false
"1,976",1111403,Rogue Runtimes,**Institute Name to be defined,icpcpr250004,0:05:35,100,1,false
"1,977",1082051,Monster Trio,S.B. Jain Institute of Technology Management & Research,icpcpr252627,0:05:38,100,1,false
"1,978",1093342,Coders01,Global Institute of Technology and Management,icpcpr250628,0:05:44,100,1,false
"1,979",1112696,MNC,Koneru Lakshmaiah Education Foundation,icpcpr251997,0:05:49,100,1,true
"1,980",1092774,HelloWorld,"Pimpri Chinchwad College of Engineering, Pune",icpcpr252526,0:05:51,100,1,false
"1,981",1090868,Binary Brain,Karpagam College of Engineering,icpcpr251981,0:05:52,100,1,false
"1,982",1094892,CyberNova,Amrita School of Engineering Bangalore,icpcpr250121,0:05:57,100,1,false
"1,983",1097210,Decoders,Amrita School of Engineering Bangalore,icpcpr250215,0:05:58,100,1,false
"1,984",1091388,Nocturnals,"Pimpri Chinchwad College Of Engineering and Research, Pune",icpcpr252487,0:05:58,100,1,false
"1,985",1095885,Nexovate,Sardar Vallabhbhai National Institute of Technology,icpcpr252688,0:06:04,100,1,false
"1,986",1109131,AlgoHackers,KIIT University,icpcpr251946,0:06:07,100,1,false
"1,987",1080487,ICU,KIET GROUP OF INSTITUTIONS,icpcpr251929,0:06:13,100,1,false
"1,988",1096374,TriExodus,Ajeenkya DY Patil University,icpcpr250074,0:06:18,100,1,false
"1,989",1091901,Chonga Chonga,Swami Vivekananda Yoga Anusandhana Samsthana,icpcpr252856,0:06:19,100,1,false
"1,990",1079128,codeX Trio,Sri Eshwar College of Engineering,icpcpr252799,0:06:20,100,1,false
"1,991",1094452,Cognito,Amrita School of Engineering Bangalore,icpcpr250106,0:06:27,100,1,true
"1,992",1105060,Coders__,Pandit Deendayal Energy University,icpcpr252477,0:06:28,100,1,false
"1,993",1083293,ParadoxOptimizers,Raj Kumar Goel Institute of Technology,icpcpr252581,0:06:28,100,1,false
"1,994",1097471,bit crusaders,Manipal University Jaipur,icpcpr252081,0:06:31,100,1,false
"1,995",1095395,NIAT-Coders,**Institute Name to be defined,icpcpr252434,0:06:35,100,1,false
"1,996",1093303,Mysterious 3,Indian Institute of Information Technology Pune,icpcpr250913,0:06:36,100,1,false
"1,997",1087004,Team Segment,"Pimpri Chinchwad College of Engineering, Pune",icpcpr252518,0:06:37,100,1,false
"1,998",1099531,Fateh,"Punjabi University, Patiala",icpcpr252567,0:06:37,100,1,false
"1,999",1081372,SARO,KIET GROUP OF INSTITUTIONS,icpcpr251931,0:06:38,100,1,false
"2,000",1083498,Deadlock,Graphic Era Hill University,icpcpr250636,0:06:43,100,1,false
"2,001",1088831,3_Falcons,National Institute of Technology Tiruchirappalli,icpcpr252271,0:06:43,100,1,false
"2,002",1085466,NutShell,S.B. Jain Institute of Technology Management & Research,icpcpr252630,0:06:45,100,1,false
"2,003",1107671,OptimalCode,Chandigarh University,icpcpr250416,0:06:49,100,1,false
"2,004",1096370,Rise,Ajeenkya DY Patil University,icpcpr250052,0:06:50,100,1,false
"2,005",1109434,Team UCPC,Amrita Vishwa Vidyapeetham Nagercoil,icpcpr250243,0:06:50,100,1,false
"2,006",1096994,Cognix,Sardar Vallabhbhai National Institute of Technology,icpcpr252689,0:06:50,100,1,true
"2,007",1096818,Hack Trinity,Sri Sivasubramaniya Nadar College of Engineering,icpcpr252825,0:06:50,100,1,true
"2,008",1083935,Modulo 1e9,Indian Institute of Information Technology Kota,icpcpr250868,0:06:52,100,1,false
"2,009",1086415,Greedy Coders,"Pimpri Chinchwad College of Engineering, Pune",icpcpr252492,0:06:56,100,1,true
"2,010",1082096,AlphaCode,Nirma University,icpcpr252425,0:07:00,100,1,false
"2,011",1082560,Team Dijkstra,Indian Institute of Information Technology Kota,icpcpr250867,0:07:02,100,1,false
"2,012",1105197,dead-by-coding,Muthoot Institute of Technology and Science,icpcpr252159,0:07:07,100,1,false
"2,013",1085931,Tricode,"Pimpri Chinchwad College of Engineering, Pune",icpcpr252491,0:07:08,100,1,false
"2,014",1095096,AAN_Amrita,Amrita School of Engineering Bangalore,icpcpr250131,0:07:11,100,1,false
"2,015",1081425,Return 0,GLS UNIVERSITY,icpcpr250603,0:07:11,100,1,false
"2,016",1094453,NeoTron,Amrita School of Engineering Bangalore,icpcpr250107,0:07:16,100,1,false
"2,017",1108163,EnforcedExceptions,"NSS College of Engineering, Palakkad",icpcpr252166,0:07:18,100,1,false
"2,018",1111946,Coders Guild,"Indian Institute of Information Technology, Sonepat",icpcpr250976,0:07:21,100,1,false
"2,019",1086847,TuringMachine,Atria Institute of Technology,icpcpr250264,0:07:24,100,1,false
"2,020",1078473,Codify,Amrita Vishwa Vidyapeetham Chennai Campus,icpcpr250220,0:07:27,100,1,false
"2,021",1103428,TechSpire,SIES Graduate School of Technology,icpcpr252635,0:07:27,100,1,false
"2,022",1115247,Semantic Error,Amrita School of Engineering Kollam,icpcpr250177,0:07:28,100,1,true
"2,023",1085837,crackforce,"Pimpri Chinchwad College of Engineering, Pune",icpcpr252510,0:07:34,100,1,false
"2,024",1109299,Paradox,Amrita Vishwa Vidyapeetham Nagercoil,icpcpr250187,0:07:43,100,1,true
"2,025",1096216,Crimson Coders,National Institute of Technology Rourkela,icpcpr252229,0:07:43,100,1,false
"2,026",1114174,Ctrl+S,Amrita School of Engineering Kollam,icpcpr250174,0:07:44,100,1,false
"2,027",1094885,Catalysts,Amrita School of Engineering Bangalore,icpcpr250202,0:07:49,100,1,false
"2,028",1082495,Algo Aces,IIT Bhubaneswar,icpcpr250713,0:07:55,100,1,false
"2,029",1089440,N-complexity,Muthoot Institute of Technology and Science,icpcpr252149,0:08:11,100,1,false
"2,030",1078400,we3,Sri Eshwar College of Engineering,icpcpr252792,0:08:19,100,1,false
"2,031",1108572,BeatCode,"BITS-Pilani, Goa Campus",icpcpr250288,0:08:20,100,1,false
"2,032",1103535,CtrlCV,"Saintgits College of Engineering, Kottayam",icpcpr252650,0:08:20,100,1,false
"2,033",1085163,Team Silicon,"Silicon Institute of Technology, Bhubaneswar",icpcpr252765,0:08:20,100,1,false
"2,034",1094862,slay buggers,Amrita School of Engineering Bangalore,icpcpr250115,0:08:26,100,1,false
"2,035",1095092,Code Thunder,Amrita School of Engineering Bangalore,icpcpr250130,0:08:27,100,1,false
"2,036",1093124,EZ PZ,Indian Institute of Technology - Hyderabad,icpcpr253041,0:08:36,100,1,true
"2,037",1097815,Tech Troops,"Pimpri Chinchwad College of Engineering, Pune",icpcpr252499,0:08:39,100,1,false
"2,038",1078402,HeapHunters,Sri Eshwar College of Engineering,icpcpr252794,0:08:44,100,1,false
"2,039",1088646,Linear Complexity,"University Institute of Engineering & Technology, CSJMU, Kanpur",icpcpr252904,0:08:45,100,1,false
"2,040",1115613,DJ Programmers,"Siddaganga Institute of Technology, Tumkur",icpcpr252761,0:08:47,100,1,false
"2,041",1093200,Byte Busters,"Pimpri Chinchwad College of Engineering, Pune",icpcpr252528,0:08:51,100,1,false
"2,042",1096299,Last Byte,**Institute Name to be defined,icpcpr252438,0:08:58,100,1,false
"2,043",1114161,Bit Manipulators,"Indian Institute of Information Technology Design and Manufacturing, Kurnool",icpcpr250847,0:09:00,100,1,false
"2,044",1091740,Buffer,"Indian Institute of Information Technology, Surat",icpcpr250996,0:09:01,100,1,false
"2,045",1094908,CodX,Amrita School of Engineering Bangalore,icpcpr250123,0:09:11,100,1,false
"2,046",1111817,TimeLimitExceeded,Devang Patel Institute of Advance Technology and Research,icpcpr250535,0:09:17,100,1,false
"2,047",1091315,Thinkincode,Amrita Vishwa Vidyapeetham Nagercoil,icpcpr250237,0:09:19,100,1,true
"2,048",1090771,Hyperbole,Jawaharlal Nehru University,icpcpr251846,0:09:42,100,1,false
"2,049",1115454,Code Pulse,Amrita School of Engineering Kollam,icpcpr250219,0:09:43,100,1,false
"2,050",1115537,Visonners,Shri Vishnu Engineering College for Women,icpcpr252756,0:09:52,100,1,false
"2,051",1094790,ShunyaKernal,University of Petroleum and Energy Studies,icpcpr252921,0:09:53,100,1,false
"2,052",1089447,ice_truck,Muthoot Institute of Technology and Science,icpcpr252156,0:10:15,100,1,false
"2,053",1103443,NULL POINTER,DJ Sanghvi College of Engineering,icpcpr250498,0:10:17,100,1,false
"2,054",1111282,Kasukabe,"JIS College of Engineering, Kalyani",icpcpr251776,0:10:19,100,1,false
"2,055",1103403,Team Ham,Amrita School of Engineering Bangalore,icpcpr250159,0:10:30,100,1,false
"2,056",1103749,CodeMonks,Amrita School of Engineering Bangalore,icpcpr250186,0:10:38,100,1,true
"2,057",1097706,Hacktivators,"NSS College of Engineering, Palakkad",icpcpr252163,0:10:44,100,1,false
"2,058",1103427,Codebuds,SIES Graduate School of Technology,icpcpr252634,0:10:46,100,1,true
"2,059",1112759,System_cRasH,K.R. Mangalam University,icpcpr251916,0:10:55,100,1,false
"2,060",1089446,HEGALE!,Muthoot Institute of Technology and Science,icpcpr252155,0:11:04,100,1,false
"2,061",1095428,Byte Brigade,Amrita School of Engineering Bangalore,icpcpr250101,0:11:10,100,1,false
"2,062",1090046,Code Warriors,Karpagam College of Engineering,icpcpr251974,0:11:20,100,1,false
"2,063",1111599,Tech Voyagers,Kamaraj College of Engineering and Technology,icpcpr251967,0:11:26,100,1,false
"2,064",1100505,Bitline,Amrita School of Engineering Bangalore,icpcpr250155,0:11:27,100,1,false
"2,065",1096008,Code strivers,Kangeyam Institute of Technology,icpcpr251972,0:11:31,100,1,false
"2,066",1095024,Schrödinger’s output,Amrita School of Engineering Bangalore,icpcpr250127,0:11:39,100,1,false
"2,067",1094904,TrioBlr,Amrita School of Engineering Bangalore,icpcpr250203,0:12:12,100,1,false
"2,068",1090284,HexaCore,Karpagam College of Engineering,icpcpr251976,0:12:13,100,1,false
"2,069",1097228,Codehawks,Delhi Technological University(Formerly DCE),icpcpr250529,0:12:24,100,1,false
"2,070",1097218,Pro Programmers,SIES Graduate School of Technology,icpcpr252632,0:12:26,100,1,false
"2,071",1108813,Trying_out,M.S. Ramaiah Institute of Technology,icpcpr252021,0:12:55,100,1,false
"2,072",1092775,ANANTA,"Pimpri Chinchwad College of Engineering, Pune",icpcpr252527,0:12:58,100,1,false
"2,073",1078811,just a sec,RNS Institute of Technology,icpcpr252570,0:13:01,100,1,false
"2,074",1108120,Strive,Chalapathi Institute of Engineering and Technology,icpcpr250402,0:13:03,100,1,false
"2,075",1090876,Simple Coders,Karpagam College of Engineering,icpcpr251982,0:13:14,100,1,false
"2,076",1094890,CodeNxt,Amrita School of Engineering Bangalore,icpcpr250119,0:13:15,100,1,false
"2,077",1108757,Cryptix,Fergusson College,icpcpr250590,0:13:43,100,1,false
"2,078",1108075,WhiteClone 3.0,Chandigarh University,icpcpr250417,0:13:45,100,1,false
"2,079",1082091,CODE CRUSADORS,SRM Institute of Science and Technology,icpcpr252640,0:13:48,100,1,false
"2,080",1110579,1,Pune Vidhyarthi Griha's College of Engineering and Technology,icpcpr252561,0:14:26,100,1,false
"2,081",1112757,Error 404,K.R. Mangalam University,icpcpr251914,0:14:31,100,1,true
"2,082",1095942,Qernels,Kumaraguru College of Technology,icpcpr252002,0:14:42,100,1,false
"2,083",1094842,CodingCrew,Amrita School of Engineering Bangalore,icpcpr250199,0:14:43,100,1,false
"2,084",1088115,Team,Amrita Vishwa Vidyapeetham Nagercoil,icpcpr250231,0:15:13,100,1,false
"2,085",1086931,Try-Catch-Conquer,"Pimpri Chinchwad College of Engineering, Pune",icpcpr252495,0:15:35,100,1,false
"2,086",1112078,UNO REVERSE,Chandigarh University,icpcpr250425,0:15:38,100,1,false
"2,087",1091961,Solvica,Lakshmi Narain College of Technology Excellence,icpcpr252009,0:15:46,100,1,false
"2,088",1104443,Strangers,Amrita School of Engineering Bangalore,icpcpr250161,0:16:10,100,1,false
"2,089",1109282,Odyssey,Amrita School of Engineering Bangalore,icpcpr253054,0:16:31,100,1,true
"2,090",1095117,Helix,Amrita School of Engineering Bangalore,icpcpr250133,0:16:40,100,1,false
"2,091",1109355,Sequel,"K. J. Somaiya College of Engineering, Vidyavihar, Mumbai",icpcpr251907,0:16:40,100,1,false
"2,092",1115133,Code Clutch,Amrita School of Engineering Kollam,icpcpr253055,0:16:43,100,1,false
"2,093",1105070,Team Somansh,"National Institute of Technology, Raipur",icpcpr252357,0:17:00,100,1,false
"2,094",1089441,IcyPeasy,Muthoot Institute of Technology and Science,icpcpr252150,0:17:12,100,1,false
"2,095",1097814,The NPCs,"Pimpri Chinchwad College of Engineering, Pune",icpcpr252498,0:17:20,100,1,false
"2,096",1085461,CODE CLUTCHERS,"Kalinga Institute Of Industrial Technology,Bhubaneswar",icpcpr251959,0:17:31,100,1,false
"2,097",1091727,3 Coders,VIT Bhopal University,icpcpr252924,0:17:31,100,1,false
"2,098",1097294,Codeit,"Indian Institute of Engineering Science and Technology, Shibpur",icpcpr250767,0:17:32,100,1,false
"2,099",1095012,Rising coders,Amrita School of Engineering Bangalore,icpcpr250206,0:17:35,100,1,true
"2,100",1090861,CODING SPIRITS,Karpagam College of Engineering,icpcpr251980,0:17:36,100,1,false
"2,101",1094995,E.V.O,Amrita School of Engineering Bangalore,icpcpr253061,0:17:49,100,1,false
"2,102",1088017,Optimizrs,Jaypee Institute of Information Technology,icpcpr251866,0:17:52,100,1,true
"2,103",1094757,Titan,Amrita School of Engineering Bangalore,icpcpr250198,0:18:07,100,1,false
"2,104",1105042,CodeZetsu,SIES Graduate School of Technology,icpcpr252637,0:18:11,100,1,false
"2,105",1109137,Team_X,Chandigarh University,icpcpr250421,0:18:38,100,1,false
"2,106",1097840,The_questionmarks,KLE Technological University,icpcpr251956,0:18:51,100,1,false
"2,107",1112755,Pointers,K.R. Mangalam University,icpcpr251912,0:18:59,100,1,false
"2,108",1078213,We3Code,Graphic Era Hill University,icpcpr250639,0:19:26,100,1,false
"2,109",1111600,blackFlashBrigade,Kamaraj College of Engineering and Technology,icpcpr251968,0:19:26,100,1,false
"2,110",1078477,AlgoRisers,Anurag University,icpcpr250248,0:19:27,100,1,false
"2,111",1086380,CyberNaughts,"Pimpri Chinchwad College of Engineering, Pune",icpcpr252512,0:19:27,100,1,false
"2,112",1093762,CoderArmy,Thakur College of Engineering and Technology,icpcpr252869,0:19:28,100,1,false
"2,113",1088917,Code Conquerers,National Institute of Technology Tiruchirappalli,icpcpr252260,0:19:38,100,1,false
"2,114",1094914,Codians,Amrita School of Engineering Bangalore,icpcpr250124,0:19:51,100,1,false
"2,115",1089437,0420H,Muthoot Institute of Technology and Science,icpcpr252148,0:20:08,100,1,false
"2,116",1095308,Turbo Techies,Indian Institute of Information Technology Guwahati,icpcpr250858,0:20:38,100,1,false
"2,117",1095671,Code crusher,Amrita School of Engineering Bangalore,icpcpr250213,0:20:42,100,1,false
"2,118",1115757,SHY,Dr. Vishwanath Karad MIT World Peace University,icpcpr250579,0:20:49,100,1,false
"2,119",1091020,Code Commandos,Indian Institute of Technology - Ropar,icpcpr251525,0:21:04,100,1,false
"2,120",1095141,codecraft,Amrita School of Engineering Bangalore,icpcpr250210,0:21:14,100,1,true
"2,121",1088934,KHAOS,Rishihood University,icpcpr252609,0:21:19,100,1,false
"2,122",1096223,tle omitters,Amrita School of Engineering Chennai,icpcpr250166,0:21:20,100,1,false
"2,123",1082065,YST Hackers,S.B. Jain Institute of Technology Management & Research,icpcpr252629,0:21:20,100,1,false
"2,124",1089891,TechSpectra,"K. K. Wagh Institute of Engineering Education and Research, Nashik",icpcpr251909,0:21:28,100,1,false
"2,125",1115728,Tejaskrit,"Madhav Institute of Technology and Science, Gwalior",icpcpr252054,0:21:34,100,1,false
"2,126",1078655,CodeX,Sri Eshwar College of Engineering,icpcpr252798,0:21:34,100,1,false
"2,127",1109435,binary brains,Amrita Vishwa Vidyapeetham Nagercoil,icpcpr250244,0:21:44,100,1,true
"2,128",1090860,FSOCIETY,Karpagam College of Engineering,icpcpr251979,0:21:55,100,1,false
"2,129",1084658,Skill Issue,Amrita School of Engineering Bangalore,icpcpr250104,0:22:04,100,1,false
"2,130",1113147,Aves,University Institute of Technology - RGPV,icpcpr252913,0:22:14,100,1,false
"2,131",1107390,Code-Blooded,Chandigarh University,icpcpr250414,0:22:17,100,1,false
"2,132",1094458,Hash_bash,Amrita School of Engineering Bangalore,icpcpr250112,0:22:18,100,1,false
"2,133",1097573,Radix,Amrita School of Engineering Bangalore,icpcpr250150,0:22:19,100,1,false
"2,134",1087331,O(yes),Jaypee Institute of Information Technology,icpcpr251860,0:22:26,100,1,false
"2,135",1081423,AlphNumeric,GLS UNIVERSITY,icpcpr250602,0:22:30,100,1,false
"2,136",1094903,Tech Trio,Amrita School of Engineering Bangalore,icpcpr250122,0:22:59,100,1,false
"2,137",1096278,Algorhythms,**Institute Name to be defined,icpcpr252436,0:23:14,100,1,false
"2,138",1097467,Minus Earth,Amrita School of Engineering Bangalore,icpcpr250144,0:24:05,100,1,false
"2,139",1094457,Expirity,Amrita School of Engineering Bangalore,icpcpr250111,0:24:08,100,1,false
"2,140",1094858,SALgorithm,Amrita School of Engineering Bangalore,icpcpr250114,0:24:49,100,1,true
"2,141",1097667,Team_of_Three,KLE Technological University,icpcpr251955,0:24:58,100,1,false
"2,142",1095124,Code Busters,Amrita School of Engineering Bangalore,icpcpr250208,0:25:02,100,1,false
"2,143",1090877,Page Not Found,Karpagam College of Engineering,icpcpr251983,0:25:15,100,1,false
"2,144",1096256,ARC,**Institute Name to be defined,icpcpr252435,0:25:29,100,1,false
"2,145",1095109,CodeStorm33,Amrita School of Engineering Bangalore,icpcpr250207,0:25:51,100,1,false
"2,146",1096726,PyQuest,Amrita School of Engineering Kollam,icpcpr250214,0:26:04,100,1,false
"2,147",1099421,Cravien Coders,Amrita School of Engineering Bangalore,icpcpr250152,0:26:09,100,1,false
"2,148",1094238,ICPC Paglu,"Indian Institute of Information Technology, Dharwad",icpcpr250935,0:26:25,100,1,false
"2,149",1089443,BetaUsers,Muthoot Institute of Technology and Science,icpcpr252152,0:26:43,100,1,false
"2,150",1115484,Error-404-VAU,DJ Sanghvi College of Engineering,icpcpr253058,0:27:09,100,1,false
"2,151",1084511,JOJO,MIT World Peace University,icpcpr252033,0:27:18,100,1,false
"2,152",1095645,Alt+f4,Amrita School of Engineering Bangalore,icpcpr250138,0:27:30,100,1,false
"2,153",1109351,Trio1,Amrita Vishwa Vidyapeetham Nagercoil,icpcpr250188,0:27:38,100,1,true
"2,154",1094456,logiQ,Amrita School of Engineering Bangalore,icpcpr250110,0:28:02,100,1,true
"2,155",1086889,Frost,"Pimpri Chinchwad College of Engineering, Pune",icpcpr252493,0:28:30,100,1,false
"2,156",1078586,Byte Brawl,Sri Eshwar College of Engineering,icpcpr252797,0:28:52,100,1,false
"2,157",1108189,Techies,"Sona College of Technology, Salem",icpcpr252776,0:28:54,100,1,false
"2,158",1114001,PVPSIT_CSE_7,Prasad V. Potluri Siddhartha Institute of Technology,icpcpr252541,0:28:57,100,1,false
"2,159",1111939,CodeBusters,Amrita School of Engineering Bangalore,icpcpr253049,0:28:59,100,1,true
"2,160",1086983,PseudoCoders,"Pimpri Chinchwad College of Engineering, Pune",icpcpr252525,0:29:22,100,1,false
"2,161",1103375,Debugger,Presidency University Bangalore,icpcpr252549,0:29:45,100,1,false
"2,162",1091076,Gandhi ke bandar,"Birla Institute of Technology and Science, Pilani Campus",icpcpr250365,0:30:04,100,1,false
"2,163",1086991,Tribit,"Pimpri Chinchwad College of Engineering, Pune",icpcpr252496,0:30:06,100,1,true
"2,164",1103383,MutexBreaKers,Amrita School of Engineering Bangalore,icpcpr250185,0:31:10,100,1,false
"2,165",1089433,ARM-456,Muthoot Institute of Technology and Science,icpcpr252145,0:31:53,100,1,false
"2,166",1112760,Team omnitrix,K.R. Mangalam University,icpcpr251917,0:32:34,100,1,false
"2,167",1092344,CHK,B. M. S. College of Engineering,icpcpr250267,0:32:58,100,1,true
"2,168",1111349,Axolotls,RV University,icpcpr252579,0:33:31,100,1,false
"2,169",1090856,Dynamic Debuggers,Karpagam College of Engineering,icpcpr251978,0:33:36,100,1,false
"2,170",1109482,DarkCloud404,Chandigarh University,icpcpr250423,0:34:16,100,1,false
"2,171",1114753,team ignite,Koneru Lakshmaiah Education Foundation,icpcpr252001,0:34:43,100,1,false
"2,172",1095658,TriCode,Amrita School of Engineering Bangalore,icpcpr250139,0:35:30,100,1,false
"2,173",1086400,Algorithm Avengers,National Engineering College,icpcpr252168,0:35:35,100,1,false
"2,174",1115257,Hakuna.Matata,Indian Institute of Technology Tirupati,icpcpr251617,0:35:37,100,1,false
"2,175",1086968,TeamFusion,"Pimpri Chinchwad College of Engineering, Pune",icpcpr252515,0:36:09,100,1,true
"2,176",1115649,steiner_triplet,NISER (National Institute of Science Education and Research),icpcpr252161,0:36:52,100,1,false
"2,177",1115922,alpha_bytes001,"College of Engineering and Technology, Bhubaneshwar, Orissa",icpcpr250476,0:37:59,100,1,false
"2,178",1103382,Red moon star,Amrita School of Engineering Bangalore,icpcpr250184,0:38:03,100,1,false
"2,179",1105033,D.A.B.,"K. J. Somaiya College of Engineering, Vidyavihar, Mumbai",icpcpr251906,0:38:25,100,1,false
"2,180",1105134,Genix,Amrita School of Engineering Bangalore,icpcpr250218,0:38:44,100,1,false
"2,181",1099758,Atomic,Indore Institute of Science and Technology,icpcpr251677,0:38:49,100,1,false
"2,182",1095114,Thunder,Amrita School of Engineering Bangalore,icpcpr250132,0:38:57,100,1,true
"2,183",1094863,Code alpha,Amrita School of Engineering Bangalore,icpcpr250116,0:39:23,100,1,false
"2,184",1095120,Code clusters,Amrita School of Engineering Bangalore,icpcpr250135,0:39:39,100,1,false
"2,185",1080039,Loop Troop,"Vellore Institute of Technology, Chennai",icpcpr252993,0:39:41,100,1,true
"2,186",1094455,Autolnit,Amrita School of Engineering Bangalore,icpcpr250109,0:39:59,100,1,true
"2,187",1094868,THE DEBUGGERS,Amrita School of Engineering Bangalore,icpcpr250201,0:40:16,100,1,true
"2,188",1097804,Black Clovers,Jawaharlal Nehru University,icpcpr251847,0:41:43,100,1,false
"2,189",1095156,Aqua,Amrita School of Engineering Bangalore,icpcpr250137,0:41:51,100,1,false
"2,190",1085416,404notfound,B.S. Abdur Rahman University,icpcpr250269,0:43:28,100,1,false
"2,191",1094454,RMTechies,Amrita School of Engineering Bangalore,icpcpr250108,0:43:52,100,1,false
"2,192",1087921,AuraFarmers,RNS Institute of Technology,icpcpr252571,0:45:04,100,1,false
"2,193",1087049,TRIPOD,"Netaji Subhash Engineering College, Kolkata",icpcpr252411,0:45:21,100,1,false
"2,194",1081536,Ananta,"Faculty of Technology, University of Delhi",icpcpr250588,0:47:28,100,1,false
"2,195",1077856,"#include ""amrita.h""",Amrita School of Computing Coimbatore,icpcpr250087,0:47:40,100,1,false
"2,196",1095579,United,Amrita School of Engineering Bangalore,icpcpr250103,0:48:03,100,1,false
"2,197",1097474,The 3,Amrita School of Engineering Bangalore,icpcpr250145,0:48:10,100,1,true
"2,198",1095103,RVG,Amrita School of Engineering Bangalore,icpcpr250181,0:48:43,100,1,false
"2,199",1089444,Si#,Muthoot Institute of Technology and Science,icpcpr252153,0:49:20,100,1,true
"2,200",1096417,Xenocoders,Ajeenkya DY Patil University,icpcpr250076,0:50:00,100,1,false
"2,201",1081731,Coffee Driven Devs,Amrita School of Computing Coimbatore,icpcpr250096,0:51:13,100,1,true
"2,202",1094915,Code Barbarians,Amrita School of Engineering Bangalore,icpcpr250125,0:52:29,100,1,false
"2,203",1097537,CodeHydra,Amrita School of Engineering Bangalore,icpcpr250149,0:52:43,100,1,false
"2,204",1096609,Codium,Fergusson College,icpcpr250589,0:55:20,100,1,false
"2,205",1095280,NAN,Amrita School of Engineering Bangalore,icpcpr250212,0:55:51,100,1,false
"2,206",1078092,Stack_Overflow,"National Institute of Technology, Silchar",icpcpr252376,0:57:11,100,1,true
"2,207",1097375,Tʀɪᴏ GVK,**Institute Name to be defined,icpcpr252439,0:58:05,100,1,false
"2,208",1094843,CodeCrew,Amrita School of Engineering Bangalore,icpcpr250200,1:00:16,100,1,false
"2,209",1114639,#define,Samrat Ashok Technological Institute (Engineering College),icpcpr252652,1:00:49,100,1,false
"2,210",1114658,Gauranga,M.S. Ramaiah Institute of Technology,icpcpr252022,1:01:06,100,1,false
"2,211",1093751,BeyondMinus,KLE Technological University,icpcpr251951,1:01:12,100,1,false
"2,212",1094889,Runtime_Terror,Amrita School of Engineering Bangalore,icpcpr250118,1:04:00,100,1,false
"2,213",1102808,Team Chaos,Amrita School of Engineering Bangalore,icpcpr250158,1:05:27,100,1,true
"2,214",1089445,Cypher-X,Muthoot Institute of Technology and Science,icpcpr252154,1:08:28,100,1,true
"2,215",1097508,CodeCrushers,Amrita School of Engineering Bangalore,icpcpr250148,1:09:27,100,1,true
"2,216",1082048,BruteForce,S.B. Jain Institute of Technology Management & Research,icpcpr252625,1:10:22,100,1,false
"2,217",1095440,Elite,Amrita School of Engineering Bangalore,icpcpr253043,1:15:56,100,1,false
"2,218",1094741,Segmentation faults,"National Institute of Technology Karnataka, Surathkul",icpcpr253045,1:18:47,100,1,true
"2,219",1097500,CodeStrom,Amrita School of Engineering Bangalore,icpcpr250146,1:23:44,100,1,false
"2,220",1109602,Syntax surfers,"National Institute of Technology Karnataka, Surathkul",icpcpr252196,1:24:05,100,1,true
"2,221",1103554,team warriors,Amrita School of Engineering Bangalore,icpcpr250160,1:24:34,100,1,false
"2,222",1099422,Ultimate coders,Amrita School of Engineering Bangalore,icpcpr250153,1:25:43,100,1,false
"2,223",1111156,Moye_Moye,Smt. Kashibai Navale College of Engineering,icpcpr252768,1:27:54,100,1,false
"2,224",1088132,DarkCode,Amrita Vishwa Vidyapeetham Nagercoil,icpcpr250232,1:28:48,100,1,true
"2,225",1080134,STRAW HAT,"Shri Ramdeobaba College of Engineering and Management, Nagpur",icpcpr252749,1:29:43,100,1,false
"2,226",1095091,BLUE START,Amrita School of Engineering Bangalore,icpcpr250129,1:30:05,100,1,false
"2,227",1095310,Heap Coders,Indian Institute of Information Technology Guwahati,icpcpr250859,1:31:20,100,1,false
"2,228",1097479,XORcist,"Jadavpur University, Kolkata",icpcpr251825,1:35:15,100,1,false
"2,229",1089442,BINARY BANDITS,Muthoot Institute of Technology and Science,icpcpr252151,1:43:16,100,1,false
"2,230",1109587,Chai++,"National Institute of Technology Karnataka, Surathkul",icpcpr252194,1:43:25,100,1,false
"2,231",1086988,Techspire,"Pimpri Chinchwad College of Engineering, Pune",icpcpr252517,1:43:43,100,1,false
"2,232",1096190,Chips and Bits,"National Institute of Technology, Silchar",icpcpr252378,1:46:27,100,1,false
"2,233",1095985,Phoenix Minds,Amrita Vishwa Vidyapeetham Nagercoil,icpcpr250182,1:47:47,100,1,false
"2,234",1086908,Curry coders,"Pimpri Chinchwad College of Engineering, Pune",icpcpr252494,1:48:27,100,1,false
"2,235",1086420,Dark coders,Amrita Vishwa Vidyapeetham Mysuru Campus,icpcpr250223,1:58:33,100,1,false
"2,236",1082050,The Big Three,S.B. Jain Institute of Technology Management & Research,icpcpr252626,2:01:47,100,1,false
"2,237",1085468,Triple M,S.B. Jain Institute of Technology Management & Research,icpcpr252631,2:02:58,100,1,false
"2,238",1087874,Technologix,Delhi Technological University(Formerly DCE),icpcpr250516,2:11:43,100,1,false
"2,239",1097595,Guns N' Coders,Amrita School of Engineering Bangalore,icpcpr250151,2:11:45,100,1,false
"2,240",1080445,Akatsuki,"Harcourt Butler Technical University, Kanpur",icpcpr250659,2:11:57,100,1,false
"2,241",1097717,Demogorgans,Amrita Vishwa Vidyapeetham Nagercoil,icpcpr250242,2:13:39,100,1,false
"2,242",1092325,Three-core,Amrita Vishwa Vidyapeetham Mysuru Campus,icpcpr250224,2:19:25,100,1,false
"2,243",1099438,REBOOT REBELS,Amrita School of Engineering Bangalore,icpcpr250154,2:42:10,100,1,false
"2,244",1105065,Trigananna Dhootha,Amrita School of Engineering Bangalore,icpcpr250162,2:55:52,100,1,false
"2,245",1105631,Nox,Thapar Institute of Engineering & Technology,icpcpr252886,2:59:26,100,1,false
"2,246",1095119,Optimized chaos,Amrita School of Engineering Bangalore,icpcpr250134,3:00:36,100,1,false
"2,247",1097214,VAV,Amrita School of Engineering Bangalore,icpcpr250216,4:43:02,100,1,false
"2,248",1095034,Hookage,Amrita School of Engineering Bangalore,icpcpr250128,5:17:56,100,1,false